date,fire_count,fire_frp
2015-09-15,3.0,7.92
2015-09-16,4.0,12.49
2015-09-17,22.0,76.45
2015-09-18,14.0,62.25
2015-09-19,0.0,0.0
2015-09-20,0.0,0.0
2015-09-21,3.0,6.38
2015-09-22,0.0,0.0
2015-09-23,0.0,0.0
2015-09-24,0.0,0.0
2015-09-25,1.0,0.65
2015-09-26,5.0,16.6
2015-09-27,9.0,55.29
2015-09-28,22.0,117.52
2015-09-29,83.0,334.23
2015-09-30,53.0,236.81
2015-10-01,91.0,410.55
2015-10-02,148.0,772.6800000000001
2015-10-03,207.0,1137.48
2015-10-04,397.0,1717.43
2015-10-05,224.0,1238.65
2015-10-06,149.0,808.41
2015-10-07,209.0,987.32
2015-10-08,392.0,2282.19
2015-10-09,520.0,2596.01
2015-10-10,520.0,2739.23
2015-10-11,348.0,2326.71
2015-10-12,264.0,1546.77
2015-10-13,284.0,2042.84
2015-10-14,244.0,1300.62
2015-10-15,592.0,3619.45
2015-10-16,511.0,2860.61
2015-10-17,580.0,3053.04
2015-10-18,766.0,4817.75
2015-10-19,418.0,2418.9900000000002
2015-10-20,1222.0,6609.4
2015-10-21,792.0,5650.63
2015-10-22,1088.0,7269.23
2015-10-23,1256.0,7187.03
2015-10-24,1619.0,10752.7
2015-10-25,854.0,5464.71
2015-10-26,73.0,402.83
2015-10-27,592.0,3961.43
2015-10-28,1049.0,6293.16
2015-10-29,1755.0,13938.0
2015-10-30,3224.0,22859.82
2015-10-31,3912.0,26601.95
2015-11-01,2898.0,20854.82
2015-11-02,1785.0,11089.58
2015-11-03,4901.0,32043.31
2015-11-04,4507.0,37608.5
2015-11-05,2226.0,15836.25
2015-11-06,2164.0,15820.13
2015-11-07,1586.0,10633.97
2015-11-08,3254.0,17466.98
2015-11-09,2538.0,15769.9
2015-11-10,5125.0,36385.0
2015-11-11,3628.0,26744.67
2015-11-12,2017.0,16372.56
2015-11-13,1495.0,9823.95
2015-11-14,1766.0,14108.33
2015-11-15,1568.0,10641.18
2015-11-16,1366.0,8569.51
2015-11-17,727.0,5320.0
2015-11-18,573.0,3917.24
2015-11-19,499.0,3399.63
2015-11-20,443.0,3019.38
2015-11-21,393.0,2106.18
2015-11-22,225.0,1516.4
2015-11-23,45.0,283.7
2015-11-24,153.0,882.09
2015-11-25,96.0,744.74
2015-11-26,80.0,443.24
2015-11-27,38.0,231.20000000000002
2015-11-28,7.0,30.76
2015-11-29,13.0,67.5
2015-11-30,16.0,96.61
2015-12-01,13.0,45.6
2015-12-02,11.0,29.73
2015-12-03,8.0,21.24
2015-12-04,10.0,57.480000000000004
2015-12-05,8.0,26.59
2015-12-06,9.0,36.239999999999995
2015-12-07,8.0,29.45
2015-12-08,0.0,0.0
2015-12-09,2.0,1.95
2015-12-10,5.0,18.16
2015-12-11,12.0,40.21
2015-12-12,24.0,82.53
2015-12-13,27.0,85.42
2015-12-14,13.0,54.74
2015-12-15,19.0,82.11
2016-09-15,11.0,46.82
2016-09-16,12.0,83.91
2016-09-17,3.0,18.85
2016-09-18,17.0,80.4
2016-09-19,25.0,141.96
2016-09-20,35.0,150.91
2016-09-21,12.0,72.33
2016-09-22,8.0,40.370000000000005
2016-09-23,30.0,106.39
2016-09-24,56.0,277.3
2016-09-25,70.0,296.14
2016-09-26,43.0,176.87
2016-09-27,8.0,40.72
2016-09-28,21.0,89.41
2016-09-29,28.0,173.01
2016-09-30,88.0,399.86
2016-10-01,137.0,635.31
2016-10-02,67.0,337.86
2016-10-03,44.0,185.9
2016-10-04,42.0,230.41
2016-10-05,102.0,546.65
2016-10-06,237.0,1054.07
2016-10-07,281.0,1563.14
2016-10-08,143.0,890.83
2016-10-09,374.0,1753.88
2016-10-10,551.0,3144.11
2016-10-11,824.0,4332.43
2016-10-12,699.0,3873.95
2016-10-13,645.0,4032.58
2016-10-14,923.0,5361.86
2016-10-15,1060.0,7523.3
2016-10-16,1378.0,9079.06
2016-10-17,1549.0,8543.26
2016-10-18,1132.0,7317.65
2016-10-19,1332.0,7925.52
2016-10-20,1223.0,7370.36
2016-10-21,1567.0,10693.11
2016-10-22,2444.0,13412.3
2016-10-23,1860.0,12778.92
2016-10-24,1224.0,8488.34
2016-10-25,1941.0,11011.01
2016-10-26,2461.0,18506.91
2016-10-27,2793.0,18903.87
2016-10-28,2572.0,18430.05
2016-10-29,2032.0,16142.03
2016-10-30,1431.0,8613.08
2016-10-31,5488.0,47949.9
2016-11-01,5278.0,39268.67
2016-11-02,3276.0,18154.7
2016-11-03,3864.0,25703.49
2016-11-04,3247.0,20836.73
2016-11-05,4261.0,27093.68
2016-11-06,6183.0,46653.58
2016-11-07,8211.0,57437.72
2016-11-08,3598.0,30353.11
2016-11-09,3551.0,29728.62
2016-11-10,2871.0,16126.07
2016-11-11,3890.0,30079.15
2016-11-12,1896.0,12666.22
2016-11-13,941.0,6103.2699999999995
2016-11-14,633.0,4432.01
2016-11-15,867.0,5513.18
2016-11-16,885.0,6308.9
2016-11-17,861.0,5488.73
2016-11-18,542.0,3187.6
2016-11-19,262.0,1516.57
2016-11-20,332.0,2057.59
2016-11-21,187.0,1363.39
2016-11-22,171.0,1089.64
2016-11-23,111.0,496.3
2016-11-24,59.0,307.45
2016-11-25,62.0,364.48
2016-11-26,48.0,262.67
2016-11-27,46.0,228.51
2016-11-28,30.0,114.91
2016-11-29,38.0,116.72
2016-11-30,20.0,87.67999999999999
2016-12-01,12.0,38.06
2016-12-02,25.0,105.28
2016-12-03,31.0,132.43
2016-12-04,63.0,297.04
2016-12-05,27.0,102.06
2016-12-06,30.0,89.26
2016-12-07,16.0,44.27
2016-12-08,17.0,94.16
2016-12-09,37.0,133.69
2016-12-10,1.0,0.75
2016-12-11,16.0,53.49
2016-12-12,9.0,28.67
2016-12-13,24.0,96.66
2016-12-14,27.0,89.61
2016-12-15,20.0,76.45
2017-09-15,0.0,0.0
2017-09-16,0.0,0.0
2017-09-17,6.0,37.09
2017-09-18,13.0,54.53
2017-09-19,13.0,66.85
2017-09-20,26.0,142.99
2017-09-21,6.0,24.16
2017-09-22,2.0,41.17
2017-09-23,2.0,8.459999999999999
2017-09-24,7.0,34.78
2017-09-25,10.0,62.62
2017-09-26,18.0,85.78999999999999
2017-09-27,42.0,260.76
2017-09-28,59.0,335.59
2017-09-29,26.0,113.46000000000001
2017-09-30,54.0,284.28
2017-10-01,64.0,311.88
2017-10-02,66.0,367.72
2017-10-03,94.0,471.93
2017-10-04,120.0,588.63
2017-10-05,145.0,819.5
2017-10-06,146.0,842.82
2017-10-07,176.0,882.46
2017-10-08,336.0,2077.36
2017-10-09,281.0,1265.01
2017-10-10,288.0,1638.61
2017-10-11,166.0,1035.1
2017-10-12,441.0,2359.41
2017-10-13,437.0,2788.04
2017-10-14,717.0,4093.56
2017-10-15,898.0,5330.9
2017-10-16,523.0,3408.98
2017-10-17,887.0,5147.87
2017-10-18,905.0,6657.95
2017-10-19,1586.0,10706.07
2017-10-20,1989.0,10622.89
2017-10-21,1198.0,7616.37
2017-10-22,1005.0,5801.78
2017-10-23,1062.0,6621.67
2017-10-24,1510.0,10567.04
2017-10-25,1821.0,10269.82
2017-10-26,1576.0,11448.1
2017-10-27,1355.0,9555.96
2017-10-28,2625.0,15819.98
2017-10-29,3243.0,22456.74
2017-10-30,3448.0,21606.98
2017-10-31,3335.0,21882.41
2017-11-01,2609.0,18850.07
2017-11-02,1338.0,7165.06
2017-11-03,1925.0,12292.28
2017-11-04,5163.0,31144.55
2017-11-05,2496.0,11619.08
2017-11-06,192.0,699.2
2017-11-07,434.0,2552.7
2017-11-08,2377.0,11898.55
2017-11-09,952.0,5581.43
2017-11-10,1937.0,8735.8
2017-11-11,118.0,479.79
2017-11-12,22.0,104.7
2017-11-13,248.0,761.89
2017-11-14,1005.0,5316.66
2017-11-15,43.0,142.23
2017-11-16,21.0,136.73
2017-11-17,171.0,1222.39
2017-11-18,2170.0,12984.52
2017-11-19,2118.0,15761.75
2017-11-20,2163.0,14359.91
2017-11-21,1827.0,11733.49
2017-11-22,812.0,5457.28
2017-11-23,858.0,6339.5199999999995
2017-11-24,608.0,4855.49
2017-11-25,541.0,4205.88
2017-11-26,423.0,2577.99
2017-11-27,210.0,1561.04
2017-11-28,136.0,1185.57
2017-11-29,154.0,739.78
2017-11-30,119.0,802.07
2017-12-01,109.0,533.29
2017-12-02,76.0,290.85
2017-12-03,15.0,52.34
2017-12-04,6.0,21.29
2017-12-05,2.0,8.79
2017-12-06,28.0,200.48
2017-12-07,87.0,342.64
2017-12-08,49.0,214.35999999999999
2017-12-09,55.0,234.2
2017-12-10,34.0,133.65
2017-12-11,1.0,3.72
2017-12-12,0.0,0.0
2017-12-13,0.0,0.0
2017-12-14,1.0,4.12
2017-12-15,2.0,5.890000000000001
2018-09-15,3.0,18.91
2018-09-16,6.0,14.96
2018-09-17,3.0,10.18
2018-09-18,3.0,21.52
2018-09-19,7.0,40.11
2018-09-20,21.0,110.2
2018-09-21,54.0,228.38
2018-09-22,0.0,0.0
2018-09-23,0.0,0.0
2018-09-24,1.0,0.35
2018-09-25,0.0,0.0
2018-09-26,1.0,1.94
2018-09-27,0.0,0.0
2018-09-28,0.0,0.0
2018-09-29,1.0,0.66
2018-09-30,14.0,50.38
2018-10-01,23.0,73.89
2018-10-02,32.0,112.13
2018-10-03,8.0,28.29
2018-10-04,44.0,192.57
2018-10-05,70.0,408.40000000000003
2018-10-06,148.0,700.51
2018-10-07,270.0,973.6
2018-10-08,74.0,284.14
2018-10-09,91.0,378.97
2018-10-10,53.0,278.9
2018-10-11,103.0,513.24
2018-10-12,188.0,726.76
2018-10-13,201.0,1105.99
2018-10-14,200.0,1130.73
2018-10-15,190.0,855.9
2018-10-16,269.0,1289.7
2018-10-17,500.0,2452.9
2018-10-18,510.0,2839.87
2018-10-19,435.0,2714.59
2018-10-20,634.0,3787.39
2018-10-21,817.0,5852.96
2018-10-22,729.0,4374.44
2018-10-23,986.0,5603.16
2018-10-24,930.0,6166.3
2018-10-25,1087.0,6743.28
2018-10-26,1440.0,10478.84
2018-10-27,2058.0,15890.23
2018-10-28,3009.0,18882.77
2018-10-29,1406.0,9822.45
2018-10-30,1441.0,9881.16
2018-10-31,2942.0,16787.38
2018-11-01,3721.0,28659.97
2018-11-02,3828.0,26814.98
2018-11-03,1191.0,7969.66
2018-11-04,981.0,6495.3
2018-11-05,3207.0,21387.49
2018-11-06,3356.0,29215.31
2018-11-07,4134.0,30943.39
2018-11-08,4651.0,28687.85
2018-11-09,2166.0,13000.68
2018-11-10,1762.0,9536.02
2018-11-11,1569.0,9482.31
2018-11-12,1414.0,10342.07
2018-11-13,1697.0,10522.72
2018-11-14,949.0,6589.4
2018-11-15,1626.0,11109.8
2018-11-16,1504.0,8926.74
2018-11-17,1154.0,8075.97
2018-11-18,1635.0,10243.48
2018-11-19,880.0,5720.76
2018-11-20,367.0,2623.55
2018-11-21,591.0,3502.27
2018-11-22,407.0,3150.88
2018-11-23,469.0,3127.86
2018-11-24,262.0,1688.7
2018-11-25,138.0,785.01
2018-11-26,91.0,558.01
2018-11-27,3.0,6.82
2018-11-28,82.0,358.46
2018-11-29,54.0,328.63
2018-11-30,60.0,295.82
2018-12-01,21.0,112.49
2018-12-02,29.0,120.11
2018-12-03,32.0,129.72
2018-12-04,22.0,84.56
2018-12-05,33.0,93.44
2018-12-06,27.0,74.42
2018-12-07,19.0,63.6
2018-12-08,19.0,78.24
2018-12-09,33.0,169.41
2018-12-10,19.0,45.74
2018-12-11,11.0,42.74
2018-12-12,0.0,0.0
2018-12-13,11.0,23.48
2018-12-14,23.0,94.67
2018-12-15,36.0,123.8
2019-09-15,9.0,91.45
2019-09-16,5.0,11.23
2019-09-17,38.0,208.99
2019-09-18,31.0,127.23
2019-09-19,1.0,0.4
2019-09-20,6.0,30.48
2019-09-21,44.0,222.88
2019-09-22,56.0,410.87
2019-09-23,70.0,306.14
2019-09-24,97.0,570.47
2019-09-25,43.0,205.43
2019-09-26,15.0,67.46000000000001
2019-09-27,10.0,45.38
2019-09-28,15.0,74.77000000000001
2019-09-29,5.0,15.709999999999999
2019-09-30,6.0,24.47
2019-10-01,2.0,5.48
2019-10-02,29.0,112.42
2019-10-03,46.0,171.55
2019-10-04,36.0,137.93
2019-10-05,48.0,182.08
2019-10-06,23.0,74.71000000000001
2019-10-07,45.0,210.66
2019-10-08,136.0,795.09
2019-10-09,165.0,746.15
2019-10-10,279.0,1185.96
2019-10-11,204.0,1041.39
2019-10-12,177.0,737.04
2019-10-13,262.0,1232.49
2019-10-14,268.0,1503.89
2019-10-15,469.0,2081.69
2019-10-16,315.0,1826.69
2019-10-17,242.0,1280.65
2019-10-18,148.0,717.75
2019-10-19,563.0,3062.88
2019-10-20,869.0,4618.37
2019-10-21,947.0,5654.13
2019-10-22,670.0,4546.7
2019-10-23,906.0,5307.56
2019-10-24,1100.0,7929.48
2019-10-25,1725.0,11154.32
2019-10-26,2404.0,14006.67
2019-10-27,2379.0,16442.72
2019-10-28,2332.0,15484.35
2019-10-29,1519.0,11741.85
2019-10-30,3051.0,25645.82
2019-10-31,2.0,1.06
2019-11-01,349.0,2037.55
2019-11-02,4.0,6.11
2019-11-03,2873.0,15187.5
2019-11-04,4985.0,38340.87
2019-11-05,4791.0,32823.39
2019-11-06,4235.0,33809.16
2019-11-07,154.0,1207.85
2019-11-08,449.0,2949.99
2019-11-09,1784.0,15798.58
2019-11-10,2347.0,17635.2
2019-11-11,735.0,4549.95
2019-11-12,610.0,3517.38
2019-11-13,11.0,63.58
2019-11-14,3.0,3.7
2019-11-15,102.0,617.39
2019-11-16,77.0,432.92
2019-11-17,398.0,2604.57
2019-11-18,549.0,4204.55
2019-11-19,1422.0,9408.68
2019-11-20,813.0,7408.53
2019-11-21,199.0,945.07
2019-11-22,28.0,158.69
2019-11-23,229.0,1862.54
2019-11-24,340.0,2413.08
2019-11-25,240.0,1757.74
2019-11-26,6.0,32.27
2019-11-27,20.0,102.75
2019-11-28,4.0,10.29
2019-11-29,32.0,194.06
2019-11-30,39.0,284.54
2019-12-01,94.0,555.96
2019-12-02,70.0,313.59
2019-12-03,55.0,330.71
2019-12-04,16.0,63.7
2019-12-05,29.0,208.91
2019-12-06,61.0,299.7
2019-12-07,67.0,251.91
2019-12-08,73.0,320.08
2019-12-09,13.0,42.96
2019-12-10,20.0,105.56
2019-12-11,1.0,4.82
2019-12-12,0.0,0.0
2019-12-13,0.0,0.0
2019-12-14,0.0,0.0
2019-12-15,2.0,6.02
2020-09-15,8.0,82.07
2020-09-16,2.0,8.68
2020-09-17,9.0,81.39
2020-09-18,25.0,138.98
2020-09-19,32.0,201.61
2020-09-20,60.0,341.71
2020-09-21,40.0,257.56
2020-09-22,37.0,236.17
2020-09-23,55.0,351.27
2020-09-24,69.0,500.56
2020-09-25,180.0,1131.85
2020-09-26,100.0,553.46
2020-09-27,88.0,477.71
2020-09-28,50.0,278.28
2020-09-29,88.0,548.2
2020-09-30,149.0,915.83
2020-10-01,153.0,809.1700000000001
2020-10-02,152.0,983.03
2020-10-03,100.0,620.27
2020-10-04,226.0,1059.37
2020-10-05,157.0,793.81
2020-10-06,194.0,884.78
2020-10-07,194.0,938.24
2020-10-08,144.0,837.53
2020-10-09,152.0,840.97
2020-10-10,282.0,1869.8
2020-10-11,459.0,2548.05
2020-10-12,370.0,1728.06
2020-10-13,320.0,1906.0
2020-10-14,537.0,3123.29
2020-10-15,648.0,4145.57
2020-10-16,644.0,4120.56
2020-10-17,1088.0,6107.12
2020-10-18,965.0,6738.63
2020-10-19,695.0,4370.73
2020-10-20,1063.0,6040.31
2020-10-21,1173.0,7748.24
2020-10-22,1555.0,8992.05
2020-10-23,1111.0,7093.08
2020-10-24,879.0,6069.44
2020-10-25,1638.0,10814.03
2020-10-26,1747.0,14651.17
2020-10-27,2302.0,16521.52
2020-10-28,2240.0,14481.34
2020-10-29,1609.0,11022.27
2020-10-30,3409.0,25191.14
2020-10-31,3787.0,32557.8
2020-11-01,3303.0,29454.98
2020-11-02,3260.0,21942.83
2020-11-03,2397.0,19858.5
2020-11-04,3935.0,32351.42
2020-11-05,5253.0,35395.14
2020-11-06,4203.0,34456.5
2020-11-07,4795.0,35048.03
2020-11-08,2964.0,22404.16
2020-11-09,1500.0,11656.9
2020-11-10,3541.0,25233.58
2020-11-11,2550.0,20899.91
2020-11-12,1941.0,13621.55
2020-11-13,1821.0,11258.38
2020-11-14,412.0,2323.59
2020-11-15,110.0,480.48
2020-11-16,18.0,93.3
2020-11-17,271.0,1739.15
2020-11-18,671.0,4071.62
2020-11-19,477.0,3316.37
2020-11-20,612.0,4235.58
2020-11-21,652.0,4043.79
2020-11-22,38.0,247.08
2020-11-23,107.0,556.26
2020-11-24,27.0,127.67
2020-11-25,0.0,0.0
2020-11-26,33.0,102.46
2020-11-27,134.0,875.11
2020-11-28,171.0,870.39
2020-11-29,110.0,534.53
2020-11-30,53.0,214.68
2020-12-01,48.0,251.56
2020-12-02,52.0,250.9
2020-12-03,59.0,262.1
2020-12-04,61.0,245.99
2020-12-05,45.0,191.16
2020-12-06,24.0,105.24
2020-12-07,22.0,61.0
2020-12-08,36.0,135.92
2020-12-09,24.0,82.9
2020-12-10,48.0,180.7
2020-12-11,19.0,56.85
2020-12-12,1.0,2.35
2020-12-13,3.0,7.62
2020-12-14,14.0,53.95
2020-12-15,74.0,256.51
2021-09-15,0.0,0.0
2021-09-16,3.0,14.18
2021-09-17,2.0,3.35
2021-09-18,13.0,36.43
2021-09-19,7.0,36.2
2021-09-20,9.0,50.04
2021-09-21,0.0,0.0
2021-09-22,0.0,0.0
2021-09-23,0.0,0.0
2021-09-24,9.0,38.38
2021-09-25,20.0,108.72
2021-09-26,21.0,88.31
2021-09-27,40.0,279.8
2021-09-28,35.0,155.36
2021-09-29,77.0,347.77
2021-09-30,35.0,180.93
2021-10-01,7.0,24.169999999999998
2021-10-02,3.0,9.74
2021-10-03,21.0,92.56
2021-10-04,33.0,139.07
2021-10-05,32.0,177.02
2021-10-06,33.0,179.82
2021-10-07,105.0,438.21
2021-10-08,111.0,560.96
2021-10-09,208.0,853.63
2021-10-10,295.0,1234.35
2021-10-11,140.0,753.47
2021-10-12,164.0,800.83
2021-10-13,246.0,1473.87
2021-10-14,444.0,2276.19
2021-10-15,1011.0,5052.45
2021-10-16,742.0,4325.75
2021-10-17,15.0,55.59
2021-10-18,72.0,519.94
2021-10-19,571.0,3821.4
2021-10-20,1045.0,5346.15
2021-10-21,836.0,5232.82
2021-10-22,1036.0,7002.71
2021-10-23,832.0,5177.15
2021-10-24,41.0,246.47
2021-10-25,213.0,1138.03
2021-10-26,544.0,3009.55
2021-10-27,439.0,2715.26
2021-10-28,1166.0,7860.09
2021-10-29,1422.0,11568.32
2021-10-30,2028.0,14997.96
2021-10-31,2830.0,18172.69
2021-11-01,2467.0,17473.28
2021-11-02,2897.0,19900.13
2021-11-03,3029.0,23639.13
2021-11-04,3591.0,33513.06
2021-11-05,6413.0,44461.06
2021-11-06,4633.0,40574.82
2021-11-07,4995.0,44548.26
2021-11-08,5515.0,42371.15
2021-11-09,4815.0,41436.74
2021-11-10,5196.0,36201.51
2021-11-11,4283.0,31521.51
2021-11-12,3774.0,32364.87
2021-11-13,4592.0,36216.77
2021-11-14,2757.0,24640.97
2021-11-15,2408.0,17850.94
2021-11-16,1900.0,12586.74
2021-11-17,824.0,5620.21
2021-11-18,811.0,5919.51
2021-11-19,747.0,5187.06
2021-11-20,519.0,3437.34
2021-11-21,465.0,2435.53
2021-11-22,236.0,1491.64
2021-11-23,144.0,900.22
2021-11-24,120.0,618.33
2021-11-25,82.0,459.42
2021-11-26,107.0,412.15
2021-11-27,73.0,307.43
2021-11-28,21.0,79.34
2021-11-29,38.0,132.06
2021-11-30,26.0,121.0
2021-12-01,0.0,0.0
2021-12-02,4.0,6.74
2021-12-03,15.0,34.28
2021-12-04,43.0,171.01
2021-12-05,8.0,29.88
2021-12-06,17.0,63.75
2021-12-07,38.0,125.15
2021-12-08,21.0,68.01
2021-12-09,16.0,53.78
2021-12-10,21.0,73.27
2021-12-11,28.0,120.5
2021-12-12,35.0,114.24
2021-12-13,48.0,156.13
2021-12-14,16.0,56.87
2021-12-15,31.0,92.88
2022-09-15,18.0,101.15
2022-09-16,0.0,0.0
2022-09-17,1.0,2.19
2022-09-18,9.0,56.589999999999996
2022-09-19,20.0,153.85
2022-09-20,12.0,68.43
2022-09-21,53.0,246.88
2022-09-22,33.0,155.02
2022-09-23,4.0,17.33
2022-09-24,0.0,0.0
2022-09-25,1.0,0.69
2022-09-26,1.0,0.98
2022-09-27,3.0,8.94
2022-09-28,2.0,1.46
2022-09-29,0.0,0.0
2022-09-30,11.0,55.0
2022-10-01,45.0,174.26
2022-10-02,115.0,432.26
2022-10-03,59.0,266.72
2022-10-04,94.0,457.39
2022-10-05,118.0,554.92
2022-10-06,123.0,597.41
2022-10-07,73.0,257.27
2022-10-08,20.0,90.6
2022-10-09,5.0,22.64
2022-10-10,3.0,13.18
2022-10-11,50.0,255.28
2022-10-12,100.0,420.3
2022-10-13,145.0,700.0500000000001
2022-10-14,99.0,521.19
2022-10-15,215.0,994.8
2022-10-16,314.0,1921.8799999999999
2022-10-17,429.0,2339.14
2022-10-18,531.0,2671.71
2022-10-19,373.0,1804.39
2022-10-20,195.0,904.53
2022-10-21,405.0,2174.98
2022-10-22,722.0,4372.03
2022-10-23,1111.0,5751.08
2022-10-24,1044.0,6668.76
2022-10-25,899.0,6446.13
2022-10-26,993.0,5791.95
2022-10-27,1295.0,8563.09
2022-10-28,1797.0,10998.11
2022-10-29,1998.0,12586.73
2022-10-30,1603.0,11254.43
2022-10-31,1805.0,11788.3
2022-11-01,2031.0,16034.38
2022-11-02,3003.0,22365.83
2022-11-03,3001.0,21091.59
2022-11-04,1688.0,10982.41
2022-11-05,3024.0,19595.51
2022-11-06,604.0,3634.07
2022-11-07,2318.0,18393.3
2022-11-08,667.0,4393.32
2022-11-09,1281.0,9708.53
2022-11-10,2070.0,14107.16
2022-11-11,3212.0,21647.15
2022-11-12,2572.0,20481.98
2022-11-13,2125.0,14418.5
2022-11-14,18.0,59.97
2022-11-15,166.0,1042.3899999999999
2022-11-16,1053.0,6878.45
2022-11-17,1112.0,8933.86
2022-11-18,679.0,3993.39
2022-11-19,562.0,3310.31
2022-11-20,310.0,2000.69
2022-11-21,252.0,1784.36
2022-11-22,197.0,1538.85
2022-11-23,152.0,890.1
2022-11-24,122.0,541.62
2022-11-25,70.0,466.45
2022-11-26,57.0,428.81
2022-11-27,46.0,284.86
2022-11-28,31.0,127.85
2022-11-29,38.0,185.03
2022-11-30,43.0,146.04
2022-12-01,30.0,107.82
2022-12-02,17.0,61.65
2022-12-03,17.0,52.53
2022-12-04,43.0,159.04
2022-12-05,58.0,227.13
2022-12-06,37.0,192.56
2022-12-07,31.0,110.47
2022-12-08,13.0,39.05
2022-12-09,28.0,101.65
2022-12-10,35.0,158.91
2022-12-11,32.0,122.95
2022-12-12,46.0,213.62
2022-12-13,34.0,165.36
2022-12-14,27.0,102.86
2022-12-15,46.0,194.16
2023-09-15,2.0,11.620000000000001
2023-09-16,7.0,37.59
2023-09-17,1.0,4.01
2023-09-18,0.0,0.0
2023-09-19,3.0,11.75
2023-09-20,1.0,5.33
2023-09-21,2.0,4.74
2023-09-22,3.0,9.89
2023-09-23,5.0,23.22
2023-09-24,2.0,1.4899999999999998
2023-09-25,3.0,4.61
2023-09-26,2.0,9.76
2023-09-27,47.0,241.99
2023-09-28,42.0,165.31
2023-09-29,83.0,337.81
2023-09-30,132.0,599.34
2023-10-01,95.0,518.97
2023-10-02,157.0,732.99
2023-10-03,119.0,725.21
2023-10-04,133.0,698.47
2023-10-05,143.0,677.98
2023-10-06,92.0,409.12
2023-10-07,51.0,183.83
2023-10-08,105.0,443.12
2023-10-09,85.0,466.91
2023-10-10,58.0,196.97
2023-10-11,68.0,301.96
2023-10-12,88.0,457.17
2023-10-13,133.0,577.55
2023-10-14,155.0,722.5600000000001
2023-10-15,204.0,889.32
2023-10-16,4.0,17.36
2023-10-17,6.0,8.22
2023-10-18,25.0,102.13
2023-10-19,62.0,352.48
2023-10-20,189.0,982.28
2023-10-21,248.0,973.97
2023-10-22,58.0,267.03000000000003
2023-10-23,199.0,954.06
2023-10-24,443.0,2346.76
2023-10-25,405.0,2288.73
2023-10-26,735.0,3753.38
2023-10-27,549.0,3680.16
2023-10-28,161.0,917.81
2023-10-29,932.0,5324.61
2023-10-30,1059.0,6742.48
2023-10-31,1501.0,8507.72
2023-11-01,1507.0,9203.5
2023-11-02,2.0,1.75
2023-11-03,1001.0,6176.82
2023-11-04,1442.0,11092.8
2023-11-05,3126.0,21597.33
2023-11-06,1901.0,10625.9
2023-11-07,1621.0,10546.11
2023-11-08,1300.0,8093.09
2023-11-09,745.0,4694.92
2023-11-10,8.0,23.6
2023-11-11,145.0,666.37
2023-11-12,1003.0,6845.24
2023-11-13,1266.0,8768.48
2023-11-14,1884.0,11760.43
2023-11-15,1866.0,13908.4
2023-11-16,1422.0,8495.85
2023-11-17,947.0,6514.2
2023-11-18,455.0,3380.4
2023-11-19,752.0,5163.15
2023-11-20,480.0,3691.45
2023-11-21,604.0,3870.63
2023-11-22,391.0,2284.89
2023-11-23,230.0,1527.67
2023-11-24,162.0,907.98
2023-11-25,38.0,331.64
2023-11-26,67.0,482.76
2023-11-27,3.0,3.87
2023-11-28,24.0,75.8
2023-11-29,18.0,62.14
2023-11-30,14.0,48.81
2023-12-01,33.0,131.98
2023-12-02,48.0,216.04
2023-12-03,41.0,123.77
2023-12-04,13.0,39.07
2023-12-05,15.0,59.38
2023-12-06,18.0,119.53
2023-12-07,27.0,131.74
2023-12-08,52.0,226.7
2023-12-09,17.0,56.69
2023-12-10,20.0,56.339999999999996
2023-12-11,20.0,83.55
2023-12-12,20.0,77.03
2023-12-13,36.0,105.7
2023-12-14,17.0,53.25
2023-12-15,5.0,15.44
2024-09-15,14.0,54.68
2024-09-16,1.0,1.55
2024-09-17,4.0,20.66
2024-09-18,3.0,16.060000000000002
2024-09-19,3.0,3.4400000000000004
2024-09-20,15.0,80.2
2024-09-21,39.0,216.44
2024-09-22,26.0,114.83
2024-09-23,22.0,73.33
2024-09-24,30.0,216.71
2024-09-25,35.0,140.74
2024-09-26,0.0,0.0
2024-09-27,2.0,1.96
2024-09-28,1.0,0.65
2024-09-29,22.0,76.94
2024-09-30,16.0,65.63
2024-10-01,40.0,176.83
2024-10-02,39.0,172.94
2024-10-03,17.0,79.93
2024-10-04,11.0,40.96
2024-10-05,22.0,132.08
2024-10-06,45.0,164.35
2024-10-07,61.0,209.48999999999998
2024-10-08,44.0,199.94
2024-10-09,46.0,229.29
2024-10-10,90.0,456.64
2024-10-11,82.0,342.43
2024-10-12,203.0,831.73
2024-10-13,102.0,446.43
2024-10-14,34.0,164.98
2024-10-15,79.0,403.05
2024-10-16,57.0,247.3
2024-10-17,154.0,724.65
2024-10-18,113.0,465.95
2024-10-19,59.0,247.95
2024-10-20,99.0,480.75
2024-10-21,64.0,364.0
2024-10-22,95.0,515.87
2024-10-23,133.0,525.18
2024-10-24,74.0,434.12
2024-10-25,117.0,613.94
2024-10-26,110.0,584.29
2024-10-27,161.0,870.1
2024-10-28,200.0,955.57
2024-10-29,149.0,1005.88
2024-10-30,129.0,843.52
2024-10-31,461.0,2792.14
2024-11-01,663.0,4536.72
2024-11-02,493.0,2471.02
2024-11-03,0.0,0.0
2024-11-04,0.0,0.0
2024-11-05,0.0,0.0
2024-11-06,10.0,12.87
2024-11-07,540.0,2723.95
2024-11-08,614.0,2985.51
2024-11-09,329.0,1580.96
2024-11-10,177.0,897.61
2024-11-11,384.0,2081.45
2024-11-12,136.0,780.97
2024-11-13,346.0,1326.66
2024-11-14,15.0,68.92999999999999
2024-11-15,74.0,391.35
2024-11-16,150.0,629.3
2024-11-17,486.0,2482.3
2024-11-18,1025.0,4721.86
2024-11-19,388.0,2027.4
2024-11-20,136.0,727.1
2024-11-21,186.0,1096.84
2024-11-22,194.0,1395.08
2024-11-23,247.0,1190.69
2024-11-24,201.0,821.8199999999999
2024-11-25,82.0,456.64
2024-11-26,62.0,263.98
2024-11-27,78.0,350.88
2024-11-28,45.0,201.05
2024-11-29,65.0,236.15
2024-11-30,34.0,184.03
2024-12-01,25.0,96.34
2024-12-02,18.0,82.81
2024-12-03,26.0,74.67
2024-12-04,43.0,134.0
2024-12-05,33.0,212.38
2024-12-06,20.0,69.91
2024-12-07,27.0,127.21
2024-12-08,11.0,43.41
2024-12-09,18.0,49.34
2024-12-10,40.0,187.23000000000002
2024-12-11,22.0,107.04
2024-12-12,26.0,59.2
2024-12-13,17.0,44.93
2024-12-14,28.0,318.26
2024-12-15,36.0,117.05
2025-09-15,9.0,53.03
2025-09-16,19.0,118.15
2025-09-17,17.0,79.03
2025-09-18,18.0,56.17
2025-09-19,2.0,11.81
2025-09-20,2.0,9.5
2025-09-21,9.0,44.980000000000004
2025-09-22,10.0,86.27000000000001
2025-09-23,11.0,52.25
2025-09-24,29.0,125.2
2025-09-25,14.0,59.82
2025-09-26,10.0,40.69
2025-09-27,13.0,45.57
2025-09-28,24.0,97.85
2025-09-29,13.0,46.6
2025-09-30,7.0,34.3
2025-10-01,11.0,37.35
2025-10-02,7.0,32.95
2025-10-03,8.0,41.120000000000005
2025-10-04,36.0,91.81
2025-10-05,16.0,55.43
2025-10-06,0.0,0.0
2025-10-07,7.0,36.01
2025-10-08,5.0,4.02
2025-10-09,11.0,22.22
2025-10-10,34.0,139.96
2025-10-11,19.0,66.09
2025-10-12,25.0,87.03999999999999
2025-10-13,16.0,71.00999999999999
2025-10-14,37.0,153.69
2025-10-15,29.0,79.41
2025-10-16,27.0,134.9
2025-10-17,29.0,111.04
2025-10-18,48.0,184.29
2025-10-19,82.0,421.53
2025-10-20,96.0,380.32
2025-10-21,88.0,425.31
2025-10-22,58.0,380.09000000000003
2025-10-23,41.0,237.64
2025-10-24,30.0,156.66
2025-10-25,85.0,480.62
2025-10-26,167.0,821.85
2025-10-27,61.0,321.59999999999997
2025-10-28,51.0,285.93
2025-10-29,162.0,1260.34
2025-10-30,152.0,1028.37
2025-10-31,286.0,1351.26
2025-11-01,175.0,966.37
2025-11-02,207.0,1426.67
2025-11-03,190.0,975.67
2025-11-04,269.0,1882.18
2025-11-05,163.0,711.68
2025-11-06,190.0,918.63
2025-11-07,161.0,933.93
2025-11-08,237.0,1419.1
2025-11-09,312.0,1747.78
2025-11-10,246.0,1122.38
2025-11-11,222.0,1020.02
2025-11-12,6.0,10.719999999999999
2025-11-13,105.0,579.91
2025-11-14,94.0,526.09
2025-11-15,105.0,786.39
2025-11-16,131.0,488.17
2025-11-17,48.0,192.34
2025-11-18,41.0,126.66
2025-11-19,34.0,151.94
2025-11-20,38.0,131.45
2025-11-21,41.0,136.58
2025-11-22,31.0,84.87
2025-11-23,17.0,62.879999999999995
2025-11-24,17.0,80.09
2025-11-25,15.0,54.19
2025-11-26,24.0,71.81
2025-11-27,35.0,201.26999999999998
2025-11-28,9.0,41.41
2025-11-29,3.0,8.69
2025-11-30,29.0,384.87
2025-12-01,22.0,68.59
2025-12-02,18.0,38.78
2025-12-03,9.0,23.92
2025-12-04,4.0,4.82
2025-12-05,7.0,16.07
2025-12-06,17.0,37.67
2025-12-07,15.0,38.94
2025-12-08,14.0,23.830000000000002
2025-12-09,14.0,45.92
2025-12-10,14.0,33.13
2025-12-11,12.0,22.71
2025-12-12,13.0,30.22
2025-12-13,7.0,20.810000000000002
2025-12-14,9.0,28.65
2025-12-15,13.0,36.49
2015-12-16,30.0,142.4
2015-12-17,29.0,114.66
2015-12-18,45.0,160.11
2015-12-19,36.0,132.37
2015-12-20,33.0,117.17999999999999
2015-12-21,33.0,99.67
2015-12-22,26.0,100.21000000000001
2015-12-23,36.0,133.52
2015-12-24,31.0,127.48
2015-12-25,19.0,69.0
2015-12-26,16.0,51.0
2015-12-27,25.0,99.19
2015-12-28,33.0,144.01
2015-12-29,27.0,96.27
2015-12-30,1.0,1.92
2015-12-31,12.0,32.47
2016-01-01,11.0,48.17
2016-01-02,18.0,76.56
2016-01-03,40.0,145.66
2016-01-04,3.0,17.330000000000002
2016-01-05,17.0,103.11
2016-01-06,5.0,20.43
2016-01-07,2.0,5.9
2016-01-08,29.0,140.79
2016-01-09,17.0,105.89999999999999
2016-01-10,3.0,9.23
2016-01-11,15.0,70.81
2016-01-12,19.0,81.6
2016-01-13,14.0,42.89
2016-01-14,1.0,5.18
2016-01-15,2.0,5.95
2016-01-16,3.0,22.130000000000003
2016-01-17,13.0,67.87
2016-01-18,7.0,22.759999999999998
2016-01-19,8.0,25.32
2016-01-20,1.0,5.07
2016-01-21,9.0,31.02
2016-01-22,2.0,7.19
2016-01-23,12.0,62.33
2016-01-24,1.0,4.93
2016-01-25,3.0,19.57
2016-01-26,4.0,14.770000000000001
2016-01-27,11.0,34.37
2016-01-28,23.0,130.08
2016-01-29,9.0,40.2
2016-01-30,19.0,73.21
2016-01-31,5.0,51.480000000000004
2016-02-01,24.0,118.35
2016-02-02,16.0,80.5
2016-02-03,40.0,190.6
2016-02-04,56.0,251.81
2016-02-05,26.0,107.75
2016-02-06,39.0,132.01
2016-02-07,27.0,124.07000000000001
2016-02-08,24.0,95.68
2016-02-09,39.0,133.04
2016-02-10,34.0,154.99
2016-02-11,6.0,64.39
2016-02-12,16.0,53.63
2016-02-13,18.0,78.11
2016-02-14,43.0,157.68
2016-02-15,22.0,103.71000000000001
2016-02-16,42.0,181.26
2016-02-17,39.0,222.89000000000001
2016-02-18,17.0,296.66
2016-02-19,4.0,6.14
2016-02-20,8.0,29.2
2016-02-21,10.0,49.46999999999999
2016-02-22,46.0,181.42
2016-02-23,40.0,161.63
2016-02-24,38.0,180.37
2016-02-25,35.0,139.52
2016-02-26,34.0,172.25
2016-02-27,29.0,131.81
2016-02-28,32.0,125.47
2016-02-29,19.0,68.28
2016-03-01,30.0,141.95
2016-03-02,27.0,80.95
2016-03-03,19.0,82.58
2016-03-04,13.0,50.34
2016-03-05,9.0,43.3
2016-03-06,7.0,18.35
2016-03-07,19.0,102.62
2016-03-08,33.0,178.18
2016-03-09,18.0,88.99
2016-03-10,19.0,62.64
2016-03-11,5.0,12.28
2016-03-12,1.0,0.72
2016-03-13,2.0,6.3
2016-03-14,4.0,23.66
2016-03-15,5.0,17.29
2016-03-16,6.0,23.61
2016-03-17,0.0,0.0
2016-03-18,12.0,40.3
2016-03-19,18.0,104.0
2016-03-20,19.0,77.1
2016-03-21,18.0,128.17
2016-03-22,16.0,89.5
2016-03-23,15.0,95.33
2016-03-24,4.0,31.849999999999998
2016-03-25,4.0,20.9
2016-03-26,4.0,17.28
2016-03-27,9.0,25.6
2016-03-28,18.0,82.98
2016-03-29,6.0,40.28
2016-03-30,14.0,156.76
2016-03-31,6.0,27.41
2016-12-16,24.0,85.71000000000001
2016-12-17,39.0,222.32
2016-12-18,35.0,145.7
2016-12-19,41.0,174.41
2016-12-20,61.0,279.3
2016-12-21,35.0,191.63
2016-12-22,18.0,70.27
2016-12-23,36.0,165.64000000000001
2016-12-24,37.0,174.14
2016-12-25,26.0,79.78
2016-12-26,22.0,89.17999999999999
2016-12-27,10.0,47.2
2016-12-28,10.0,42.230000000000004
2016-12-29,17.0,88.34
2016-12-30,37.0,145.89
2016-12-31,36.0,140.79
2017-01-01,19.0,82.07
2017-01-02,27.0,120.55
2017-01-03,12.0,45.85
2017-01-04,30.0,127.24
2017-01-05,36.0,146.14
2017-01-06,7.0,26.27
2017-01-07,0.0,0.0
2017-01-08,2.0,6.98
2017-01-09,8.0,35.27
2017-01-10,25.0,95.68
2017-01-11,14.0,68.67999999999999
2017-01-12,6.0,23.119999999999997
2017-01-13,21.0,83.42
2017-01-14,1.0,4.04
2017-01-15,10.0,27.29
2017-01-16,3.0,17.439999999999998
2017-01-17,0.0,0.0
2017-01-18,4.0,11.71
2017-01-19,15.0,87.45
2017-01-20,10.0,47.87
2017-01-21,6.0,32.89
2017-01-22,25.0,99.67
2017-01-23,3.0,6.74
2017-01-24,1.0,4.76
2017-01-25,0.0,0.0
2017-01-26,0.0,0.0
2017-01-27,0.0,0.0
2017-01-28,0.0,0.0
2017-01-29,0.0,0.0
2017-01-30,1.0,9.08
2017-01-31,6.0,25.6
2017-02-01,5.0,11.64
2017-02-02,3.0,13.28
2017-02-03,4.0,15.86
2017-02-04,0.0,0.0
2017-02-05,17.0,101.79
2017-02-06,19.0,125.35
2017-02-07,13.0,53.05
2017-02-08,27.0,92.91
2017-02-09,43.0,154.41
2017-02-10,53.0,247.45
2017-02-11,81.0,298.14
2017-02-12,60.0,265.93
2017-02-13,36.0,200.67000000000002
2017-02-14,4.0,5.98
2017-02-15,24.0,126.06
2017-02-16,34.0,138.37
2017-02-17,27.0,93.82
2017-02-18,18.0,72.03
2017-02-19,29.0,151.38
2017-02-20,20.0,86.58
2017-02-21,29.0,100.75
2017-02-22,52.0,183.64
2017-02-23,24.0,158.32
2017-02-24,43.0,133.45
2017-02-25,32.0,157.02
2017-02-26,28.0,169.94
2017-02-27,46.0,202.68
2017-02-28,12.0,100.23
2017-03-01,33.0,215.77
2017-03-02,31.0,148.06
2017-03-03,3.0,8.4
2017-03-04,33.0,129.97
2017-03-05,22.0,100.69
2017-03-06,23.0,103.74
2017-03-07,5.0,30.88
2017-03-08,3.0,10.969999999999999
2017-03-09,8.0,14.79
2017-03-10,9.0,43.47
2017-03-11,1.0,6.11
2017-03-12,17.0,57.61
2017-03-13,21.0,67.79
2017-03-14,26.0,124.85
2017-03-15,15.0,54.28
2017-03-16,1.0,0.66
2017-03-17,27.0,143.5
2017-03-18,12.0,48.82
2017-03-19,20.0,94.83
2017-03-20,24.0,113.61
2017-03-21,9.0,55.510000000000005
2017-03-22,7.0,32.58
2017-03-23,11.0,51.64
2017-03-24,8.0,55.55
2017-03-25,14.0,58.699999999999996
2017-03-26,15.0,64.39
2017-03-27,11.0,80.9
2017-03-28,4.0,11.79
2017-03-29,3.0,14.97
2017-03-30,16.0,73.68
2017-03-31,9.0,34.410000000000004
2017-12-16,25.0,96.3
2017-12-17,51.0,199.45
2017-12-18,50.0,139.59
2017-12-19,24.0,86.95
2017-12-20,8.0,14.5
2017-12-21,11.0,52.1
2017-12-22,39.0,157.29
2017-12-23,57.0,233.12
2017-12-24,28.0,111.46000000000001
2017-12-25,31.0,88.54
2017-12-26,14.0,56.09
2017-12-27,11.0,37.26
2017-12-28,50.0,164.78
2017-12-29,30.0,109.55
2017-12-30,12.0,50.27
2017-12-31,9.0,30.94
2018-01-01,7.0,20.75
2018-01-02,13.0,46.010000000000005
2018-01-03,15.0,56.87
2018-01-04,1.0,4.2
2018-01-05,8.0,56.85
2018-01-06,19.0,65.66
2018-01-07,25.0,92.1
2018-01-08,39.0,116.86
2018-01-09,24.0,100.38
2018-01-10,17.0,79.37
2018-01-11,10.0,26.67
2018-01-12,16.0,55.37
2018-01-13,44.0,147.13
2018-01-14,30.0,113.39
2018-01-15,21.0,97.38
2018-01-16,22.0,67.61
2018-01-17,11.0,68.26
2018-01-18,39.0,157.84
2018-01-19,34.0,112.99
2018-01-20,16.0,53.67
2018-01-21,29.0,103.94
2018-01-22,21.0,126.23
2018-01-23,1.0,0.69
2018-01-24,4.0,12.33
2018-01-25,1.0,3.52
2018-01-26,2.0,4.64
2018-01-27,6.0,15.98
2018-01-28,6.0,35.94
2018-01-29,22.0,81.36
2018-01-30,19.0,73.67999999999999
2018-01-31,5.0,17.9
2018-02-01,24.0,87.72
2018-02-02,34.0,152.07
2018-02-03,41.0,158.95
2018-02-04,27.0,159.3
2018-02-05,7.0,26.77
2018-02-06,25.0,145.52
2018-02-07,19.0,93.19
2018-02-08,23.0,98.54
2018-02-09,43.0,178.05
2018-02-10,31.0,152.28
2018-02-11,4.0,20.240000000000002
2018-02-12,1.0,0.7
2018-02-13,1.0,12.95
2018-02-14,7.0,18.54
2018-02-15,8.0,25.759999999999998
2018-02-16,5.0,22.71
2018-02-17,20.0,83.56
2018-02-18,21.0,110.51
2018-02-19,37.0,166.16
2018-02-20,57.0,273.86
2018-02-21,18.0,69.37
2018-02-22,6.0,23.37
2018-02-23,2.0,2.93
2018-02-24,4.0,10.62
2018-02-25,31.0,94.49
2018-02-26,22.0,124.7
2018-02-27,19.0,89.86
2018-02-28,5.0,11.12
2018-03-01,10.0,37.96
2018-03-02,26.0,88.11
2018-03-03,1.0,4.12
2018-03-04,7.0,37.760000000000005
2018-03-05,32.0,144.82
2018-03-06,20.0,69.92
2018-03-07,21.0,72.03
2018-03-08,26.0,161.2
2018-03-09,26.0,104.55
2018-03-10,12.0,61.66
2018-03-11,10.0,53.96
2018-03-12,12.0,63.87
2018-03-13,18.0,53.24
2018-03-14,23.0,97.69
2018-03-15,28.0,133.35999999999999
2018-03-16,8.0,20.45
2018-03-17,28.0,160.59
2018-03-18,33.0,132.81
2018-03-19,24.0,110.84
2018-03-20,7.0,36.76
2018-03-21,4.0,19.03
2018-03-22,11.0,50.95
2018-03-23,26.0,144.89
2018-03-24,15.0,57.86
2018-03-25,20.0,97.48
2018-03-26,17.0,87.64999999999999
2018-03-27,10.0,46.63
2018-03-28,19.0,87.3
2018-03-29,19.0,81.35
2018-03-30,20.0,57.949999999999996
2018-03-31,9.0,41.29
2018-12-16,36.0,138.52
2018-12-17,24.0,66.24
2018-12-18,18.0,59.93
2018-12-19,27.0,115.2
2018-12-20,50.0,211.49
2018-12-21,34.0,123.64
2018-12-22,32.0,105.94
2018-12-23,20.0,97.88000000000001
2018-12-24,18.0,70.27
2018-12-25,36.0,159.64
2018-12-26,53.0,194.42000000000002
2018-12-27,38.0,122.28
2018-12-28,16.0,44.9
2018-12-29,26.0,71.71000000000001
2018-12-30,22.0,77.55
2018-12-31,43.0,141.43
2019-01-01,10.0,27.34
2019-01-02,9.0,36.08
2019-01-03,10.0,35.12
2019-01-04,2.0,9.89
2019-01-05,3.0,7.470000000000001
2019-01-06,0.0,0.0
2019-01-07,8.0,23.18
2019-01-08,7.0,16.32
2019-01-09,7.0,40.75
2019-01-10,11.0,26.54
2019-01-11,27.0,88.3
2019-01-12,7.0,17.45
2019-01-13,6.0,12.41
2019-01-14,22.0,94.51
2019-01-15,5.0,11.71
2019-01-16,7.0,17.89
2019-01-17,19.0,90.61
2019-01-18,4.0,21.060000000000002
2019-01-19,4.0,9.969999999999999
2019-01-20,6.0,27.62
2019-01-21,3.0,50.33
2019-01-22,0.0,0.0
2019-01-23,0.0,0.0
2019-01-24,0.0,0.0
2019-01-25,1.0,3.95
2019-01-26,7.0,23.23
2019-01-27,27.0,92.29
2019-01-28,12.0,64.26
2019-01-29,12.0,46.12
2019-01-30,1.0,2.37
2019-01-31,1.0,2.47
2019-02-01,6.0,16.84
2019-02-02,15.0,60.68
2019-02-03,7.0,23.15
2019-02-04,6.0,19.12
2019-02-05,4.0,16.53
2019-02-06,34.0,131.68
2019-02-07,0.0,0.0
2019-02-08,0.0,0.0
2019-02-09,3.0,6.63
2019-02-10,4.0,27.93
2019-02-11,8.0,41.21
2019-02-12,3.0,10.17
2019-02-13,2.0,8.62
2019-02-14,0.0,0.0
2019-02-15,0.0,0.0
2019-02-16,4.0,48.18
2019-02-17,2.0,7.05
2019-02-18,5.0,18.6
2019-02-19,5.0,21.89
2019-02-20,0.0,0.0
2019-02-21,4.0,11.370000000000001
2019-02-22,14.0,37.839999999999996
2019-02-23,16.0,74.54
2019-02-24,38.0,163.74
2019-02-25,39.0,160.77
2019-02-26,11.0,58.59
2019-02-27,15.0,92.2
2019-02-28,38.0,131.5
2019-03-01,33.0,118.37
2019-03-02,0.0,0.0
2019-03-03,3.0,2.53
2019-03-04,4.0,6.86
2019-03-05,26.0,70.35000000000001
2019-03-06,41.0,180.93
2019-03-07,13.0,90.16
2019-03-08,4.0,52.370000000000005
2019-03-09,32.0,194.76
2019-03-10,50.0,194.64000000000001
2019-03-11,3.0,6.470000000000001
2019-03-12,11.0,32.16
2019-03-13,0.0,0.0
2019-03-14,3.0,6.39
2019-03-15,31.0,123.82
2019-03-16,17.0,77.0
2019-03-17,19.0,73.42
2019-03-18,14.0,46.65
2019-03-19,14.0,43.91
2019-03-20,14.0,59.13
2019-03-21,24.0,82.78
2019-03-22,23.0,111.42999999999999
2019-03-23,5.0,20.380000000000003
2019-03-24,3.0,11.02
2019-03-25,6.0,14.78
2019-03-26,17.0,39.3
2019-03-27,22.0,105.72
2019-03-28,7.0,37.65
2019-03-29,11.0,47.15
2019-03-30,2.0,7.9399999999999995
2019-03-31,22.0,108.61
2019-12-16,0.0,0.0
2019-12-17,2.0,7.22
2019-12-18,9.0,35.22
2019-12-19,1.0,4.41
2019-12-20,2.0,6.87
2019-12-21,11.0,27.9
2019-12-22,0.0,0.0
2019-12-23,1.0,1.96
2019-12-24,8.0,26.86
2019-12-25,0.0,0.0
2019-12-26,1.0,3.91
2019-12-27,3.0,6.67
2019-12-28,3.0,9.14
2019-12-29,24.0,72.77
2019-12-30,0.0,0.0
2019-12-31,3.0,10.59
2020-01-01,5.0,9.98
2020-01-02,7.0,26.71
2020-01-03,20.0,77.83
2020-01-04,30.0,109.62
2020-01-05,2.0,9.52
2020-01-06,0.0,0.0
2020-01-07,0.0,0.0
2020-01-08,2.0,1.17
2020-01-09,0.0,0.0
2020-01-10,3.0,5.09
2020-01-11,9.0,30.400000000000002
2020-01-12,3.0,5.67
2020-01-13,2.0,0.62
2020-01-14,2.0,4.4
2020-01-15,4.0,19.46
2020-01-16,0.0,0.0
2020-01-17,1.0,2.42
2020-01-18,2.0,9.440000000000001
2020-01-19,24.0,76.07000000000001
2020-01-20,18.0,91.94
2020-01-21,4.0,14.11
2020-01-22,22.0,106.96
2020-01-23,25.0,76.34
2020-01-24,40.0,147.96
2020-01-25,23.0,89.63
2020-01-26,27.0,122.85000000000001
2020-01-27,1.0,2.67
2020-01-28,0.0,0.0
2020-01-29,5.0,169.29
2020-01-30,22.0,83.42
2020-01-31,3.0,7.22
2020-02-01,13.0,39.31
2020-02-02,20.0,59.559999999999995
2020-02-03,27.0,103.57
2020-02-04,21.0,60.730000000000004
2020-02-05,20.0,93.75
2020-02-06,16.0,65.87
2020-02-07,22.0,76.66
2020-02-08,33.0,128.71
2020-02-09,38.0,85.07000000000001
2020-02-10,25.0,122.39999999999999
2020-02-11,10.0,34.06
2020-02-12,14.0,72.51
2020-02-13,26.0,180.18
2020-02-14,29.0,102.86
2020-02-15,35.0,142.13
2020-02-16,25.0,91.08
2020-02-17,39.0,121.37
2020-02-18,32.0,90.31
2020-02-19,8.0,34.19
2020-02-20,28.0,91.46
2020-02-21,1.0,0.77
2020-02-22,11.0,56.3
2020-02-23,31.0,167.68
2020-02-24,25.0,121.75999999999999
2020-02-25,40.0,175.96
2020-02-26,41.0,163.96
2020-02-27,23.0,103.62
2020-02-28,7.0,17.11
2020-02-29,2.0,3.91
2020-03-01,5.0,17.22
2020-03-02,38.0,188.02
2020-03-03,25.0,92.94
2020-03-04,32.0,148.0
2020-03-05,5.0,18.39
2020-03-06,0.0,0.0
2020-03-07,0.0,0.0
2020-03-08,8.0,14.81
2020-03-09,9.0,38.23
2020-03-10,23.0,74.81
2020-03-11,0.0,0.0
2020-03-12,1.0,3.42
2020-03-13,3.0,9.89
2020-03-14,1.0,0.47
2020-03-15,10.0,36.800000000000004
2020-03-16,1.0,3.47
2020-03-17,20.0,65.57000000000001
2020-03-18,40.0,129.08
2020-03-19,22.0,104.4
2020-03-20,24.0,77.28
2020-03-21,3.0,6.84
2020-03-22,19.0,146.17
2020-03-23,19.0,66.55
2020-03-24,6.0,28.62
2020-03-25,0.0,0.0
2020-03-26,0.0,0.0
2020-03-27,0.0,0.0
2020-03-28,0.0,0.0
2020-03-29,9.0,43.71
2020-03-30,3.0,8.54
2020-03-31,2.0,6.67
