date,pm25_city,pm25_core10
2015-01-01,313.22,313.225
2015-01-02,186.18,211.625
2015-01-03,87.18,90.2
2015-01-04,151.84,152.195
2015-01-05,146.6,146.6
2015-01-06,149.58,149.575
2015-01-07,217.87,216.17000000000002
2015-01-08,229.9,225.64
2015-01-09,201.66,195.36
2015-01-10,221.02,222.43
2015-01-11,205.41,205.415
2015-01-12,212.41,210.715
2015-01-13,197.61,201.815
2015-01-14,164.39,167.325
2015-01-15,166.19,176.83333333333334
2015-01-16,174.98,174.985
2015-01-17,196.46,196.465
2015-01-18,201.51,201.515
2015-01-19,183.35,183.35500000000002
2015-01-20,165.63,165.63
2015-01-21,159.54,158.535
2015-01-22,143.68,143.68
2015-01-23,128.73,128.73
2015-01-24,164.98,175.79500000000002
2015-01-25,148.59,148.585
2015-01-26,129.34,129.34
2015-01-27,154.2,154.2
2015-01-28,134.6,134.6
2015-01-29,173.13,173.13
2015-01-30,178.04,178.035
2015-01-31,158.59,158.595
2015-02-01,211.59,211.595
2015-02-02,163.64,163.64
2015-02-03,157.71,161.62
2015-02-04,137.26,137.26
2015-02-05,131.76,139.04333333333332
2015-02-06,151.6,151.595
2015-02-07,160.75,160.745
2015-02-08,145.34,145.34
2015-02-09,134.67,134.67000000000002
2015-02-10,153.07,163.04000000000002
2015-02-11,116.91,116.47
2015-02-12,177.98,190.47
2015-02-13,167.01,167.005
2015-02-14,193.96,193.95999999999998
2015-02-15,184.06,184.06
2015-02-16,152.62,152.625
2015-02-17,161.27,161.26999999999998
2015-02-18,188.2,188.20499999999998
2015-02-19,159.97,159.97
2015-02-20,144.12,144.115
2015-02-21,155.38,155.375
2015-02-22,124.1,124.10000000000001
2015-02-23,141.39,141.39
2015-02-24,170.16,170.16
2015-02-25,148.19,148.19
2015-02-26,140.78,140.78
2015-02-27,130.42,130.42000000000002
2015-02-28,105.86,100.21000000000001
2015-03-01,71.83,74.505
2015-03-02,53.71,53.71
2015-03-03,83.49,84.08500000000001
2015-03-04,91.07,85.66499999999999
2015-03-05,106.57,106.57000000000001
2015-03-06,101.75,101.755
2015-03-07,77.57,84.265
2015-03-08,63.24,67.78
2015-03-09,76.62,76.625
2015-03-10,86.7,86.7
2015-03-11,104.29,104.295
2015-03-12,115.93,115.61500000000001
2015-03-13,108.66,107.63
2015-03-14,67.94,58.185
2015-03-15,38.89,38.885
2015-03-16,45.39,45.39
2015-03-17,55.55,55.545
2015-03-18,50.59,50.585
2015-03-19,69.51,69.505
2015-03-20,96.62,96.625
2015-03-21,96.28,96.28
2015-03-22,72.2,72.2
2015-03-23,78.47,77.08399999999999
2015-03-24,91.87,91.865
2015-03-25,107.26,107.265
2015-03-26,109.78,109.7775
2015-03-27,62.27,62.6875
2015-03-28,102.22,100.095
2015-03-29,104.36,104.36
2015-03-30,44.19,44.2625
2015-03-31,55.66,57.3425
2015-04-01,112.86,117.945
2015-04-02,78.51,70.06
2015-04-03,66.52,66.5175
2015-04-04,62.56,56.821666666666665
2015-04-05,78.61,80.81166666666667
2015-04-06,119.7,119.7025
2015-04-07,66.09,66.91
2015-04-08,95.34,97.51
2015-04-09,63.57,60.42875
2015-04-10,96.56,96.78875
2015-04-11,131.39,125.88
2015-04-12,75.35,73.61875
2015-04-13,86.49,74.80625
2015-04-14,77.07,73.4475
2015-04-15,98.79,111.38875
2015-04-16,81.81,78.755
2015-04-17,65.78,66.2825
2015-04-18,119.82,116.39375
2015-04-19,125.53,126.79375
2015-04-20,121.51,122.57875
2015-04-21,114.5,114.8075
2015-04-22,101.83,101.82875
2015-04-23,118.57,119.14500000000001
2015-04-24,143.22,145.4625
2015-04-25,106.76,106.75750000000001
2015-04-26,65.36,66.05375
2015-04-27,67.08,66.46124999999999
2015-04-28,81.37,78.2325
2015-04-29,63.76,64.64500000000001
2015-04-30,60.56,61.5425
2015-05-01,76.1,77.46000000000001
2015-05-02,72.66,72.66833333333334
2015-05-03,121.94,120.44999999999999
2015-05-04,108.98,110.585
2015-05-05,145.99,135.23142857142858
2015-05-06,171.33,153.96571428571428
2015-05-07,117.76,117.75714285714285
2015-05-08,90.66,93.45857142857143
2015-05-09,106.4,105.99571428571429
2015-05-10,101.21,99.39142857142858
2015-05-11,97.57,96.27571428571427
2015-05-12,96.34,96.14857142857143
2015-05-13,83.42,84.70142857142856
2015-05-14,78.06,76.30142857142857
2015-05-15,97.87,98.07857142857142
2015-05-16,77.52,78.05
2015-05-17,97.16,96.89666666666666
2015-05-18,66.85,67.345
2015-05-19,89.85,90.35000000000001
2015-05-20,67.41,64.11666666666666
2015-05-21,75.54,72.59
2015-05-22,67.91,67.91428571428573
2015-05-23,69.02,70.02857142857142
2015-05-24,79.1,88.0942857142857
2015-05-25,117.27,117.27428571428571
2015-05-26,96.09,98.65142857142858
2015-05-27,84.71,84.71333333333332
2015-05-28,182.76,183.23333333333335
2015-05-29,106.61,106.60666666666667
2015-05-30,92.68,100.02666666666666
2015-05-31,73.62,73.61999999999999
2015-06-01,49.42,52.541666666666664
2015-06-02,52.51,53.58833333333334
2015-06-03,65.28,65.26166666666667
2015-06-04,85.45,87.40833333333332
2015-06-05,83.02,138.982
2015-06-06,44.54,53.936
2015-06-07,85.03,83.98833333333333
2015-06-08,137.7,98.98599999999999
2015-06-09,136.05,96.296
2015-06-10,63.77,68.786
2015-06-11,115.57,108.7475
2015-06-12,83.29,116.90599999999999
2015-06-13,73.7,72.874
2015-06-14,74.56,74.555
2015-06-15,106.11,103.49000000000001
2015-06-16,132.21,124.75800000000001
2015-06-17,123.56,123.56199999999998
2015-06-18,132.21,132.232
2015-06-19,110.65,110.718
2015-06-20,80.31,80.03200000000001
2015-06-21,59.73,56.684000000000005
2015-06-22,85.4,85.176
2015-06-23,101.99,102.006
2015-06-24,126.07,124.50399999999999
2015-06-25,37.59,37.594
2015-06-26,76.0,76.00399999999999
2015-06-27,69.46,69.466
2015-06-28,79.84,79.84
2015-06-29,48.5,50.394
2015-06-30,53.79,56.076
2015-07-01,57.99,58.465999999999994
2015-07-02,67.12,68.364
2015-07-03,65.25,65.892
2015-07-04,88.75,79.46
2015-07-05,135.92,151.268
2015-07-06,60.27,60.59400000000001
2015-07-07,52.2,52.69
2015-07-08,67.92,69.422
2015-07-09,65.95,69.872
2015-07-10,47.68,43.924
2015-07-11,29.08,27.697499999999998
2015-07-12,32.29,32.207499999999996
2015-07-13,36.68,39.9475
2015-07-14,44.48,48.654
2015-07-15,63.79,65.31199999999998
2015-07-16,77.2,77.22999999999999
2015-07-17,77.99,78.954
2015-07-18,71.11,71.108
2015-07-19,67.39,65.36
2015-07-20,49.58,52.129999999999995
2015-07-21,40.97,41.0325
2015-07-22,38.97,40.696000000000005
2015-07-23,34.02,34.786
2015-07-24,46.13,46.274
2015-07-25,46.01,47.007999999999996
2015-07-26,29.81,32.251999999999995
2015-07-27,22.82,26.374000000000002
2015-07-28,24.69,24.490000000000002
2015-07-29,29.04,27.958
2015-07-30,25.76,25.308
2015-07-31,37.85,38.07
2015-08-01,41.32,41.321999999999996
2015-08-02,47.81,47.898
2015-08-03,56.02,56.022000000000006
2015-08-04,54.46,53.984
2015-08-05,59.13,59.126
2015-08-06,65.47,64.99
2015-08-07,64.58,63.222
2015-08-08,70.05,71.69800000000001
2015-08-09,55.51,56.489999999999995
2015-08-10,82.27,83.124
2015-08-11,77.04,76.764
2015-08-12,52.45,51.775999999999996
2015-08-13,61.66,61.21
2015-08-14,65.67,66.91799999999999
2015-08-15,51.4,53.036
2015-08-16,55.71,55.738
2015-08-17,61.84,61.529999999999994
2015-08-18,60.65,59.922000000000004
2015-08-19,34.42,36.118
2015-08-20,40.83,42.714
2015-08-21,50.97,50.894000000000005
2015-08-22,46.74,46.88
2015-08-23,44.67,47.78666666666667
2015-08-24,37.39,42.0
2015-08-25,52.06,51.815999999999995
2015-08-26,57.52,56.898
2015-08-27,61.47,61.472
2015-08-28,77.76,76.426
2015-08-29,68.53,68.53333333333333
2015-08-30,57.85,56.165
2015-08-31,51.67,50.644
2015-09-01,73.78,77.47
2015-09-02,97.63,97.27666666666666
2015-09-03,99.5,92.48
2015-09-04,97.31,85.64
2015-09-05,76.43,76.38
2015-09-06,61.69,56.402
2015-09-07,55.19,53.61666666666667
2015-09-08,63.79,63.54
2015-09-09,58.48,58.48333333333333
2015-09-10,60.29,60.291666666666664
2015-09-11,67.35,66.58333333333333
2015-09-12,87.55,87.612
2015-09-13,84.57,83.515
2015-09-14,111.58,111.57666666666667
2015-09-15,108.78,103.73666666666666
2015-09-16,91.18,90.89166666666667
2015-09-17,104.85,104.84500000000001
2015-09-18,56.19,56.18833333333333
2015-09-19,67.62,67.61833333333333
2015-09-20,64.38,64.38333333333334
2015-09-21,45.65,45.645
2015-09-22,35.75,35.78
2015-09-23,34.89,35.0
2015-09-24,63.06,60.45499999999999
2015-09-25,82.39,81.685
2015-09-26,88.08,88.07833333333333
2015-09-27,89.75,89.745
2015-09-28,69.57,69.56833333333333
2015-09-29,68.34,67.45333333333333
2015-09-30,61.08,61.074
2015-10-01,85.7,85.704
2015-10-02,97.62,97.626
2015-10-03,103.58,102.33200000000001
2015-10-04,145.97,145.97
2015-10-05,180.52,180.52249999999998
2015-10-06,151.57,132.506
2015-10-07,144.04,136.906
2015-10-08,148.44,141.214
2015-10-09,130.22,130.21599999999998
2015-10-10,147.71,147.70999999999998
2015-10-11,111.34,111.476
2015-10-12,100.7,100.702
2015-10-13,97.67,97.668
2015-10-14,75.81,75.814
2015-10-15,95.24,93.69800000000001
2015-10-16,148.29,148.2875
2015-10-17,90.66,90.66
2015-10-18,156.71,167.898
2015-10-19,170.28,170.278
2015-10-20,198.1,198.10399999999998
2015-10-21,158.04,173.236
2015-10-22,116.98,113.994
2015-10-23,143.73,144.894
2015-10-24,169.22,169.22
2015-10-25,147.65,140.14600000000002
2015-10-26,101.61,97.148
2015-10-27,113.2,113.195
2015-10-28,112.89,103.11500000000001
2015-10-29,95.72,95.36666666666667
2015-10-30,108.4,105.27833333333332
2015-10-31,245.97,245.97
2015-11-01,277.53,236.04
2015-11-02,232.4,221.81499999999997
2015-11-03,244.78,244.98000000000002
2015-11-04,293.49,291.585
2015-11-05,161.78,163.955
2015-11-06,153.33,153.33
2015-11-07,353.86,353.72333333333336
2015-11-08,217.55,219.29
2015-11-09,201.44,187.14714285714285
2015-11-10,249.95,240.85142857142858
2015-11-11,219.68,219.67714285714285
2015-11-12,258.48,258.48
2015-11-13,291.66,290.9871428571428
2015-11-14,221.68,218.47285714285712
2015-11-15,214.24,214.23833333333334
2015-11-16,184.02,181.06714285714287
2015-11-17,136.22,148.25571428571428
2015-11-18,188.09,188.0914285714286
2015-11-19,238.69,238.69571428571427
2015-11-20,271.42,273.2557142857143
2015-11-21,293.73,274.39428571428573
2015-11-22,247.27,243.6
2015-11-23,266.95,258.0657142857143
2015-11-24,241.61,238.8385714285714
2015-11-25,149.14,149.13714285714286
2015-11-26,182.5,181.84
2015-11-27,193.58,193.57714285714286
2015-11-28,172.89,183.39857142857142
2015-11-29,190.46,231.43
2015-11-30,282.76,274.0957142857143
2015-12-01,183.28,186.19142857142856
2015-12-02,170.74,170.74166666666667
2015-12-03,190.14,190.13666666666666
2015-12-04,186.64,186.23333333333335
2015-12-05,282.01,284.59166666666664
2015-12-06,218.22,251.206
2015-12-07,249.8,245.39000000000001
2015-12-08,283.59,276.7866666666667
2015-12-09,250.69,250.6916666666667
2015-12-10,211.95,211.45333333333335
2015-12-11,198.38,198.37833333333333
2015-12-12,184.12,183.5716666666667
2015-12-13,135.42,141.97666666666666
2015-12-14,118.6,144.212
2015-12-15,88.3,88.29499999999999
2015-12-16,111.45,111.455
2015-12-17,152.24,152.245
2015-12-18,136.75,136.745
2015-12-19,114.35,114.345
2015-12-20,181.67,181.67000000000002
2015-12-21,135.78,135.785
2015-12-22,204.72,266.075
2015-12-23,321.52,326.02500000000003
2015-12-24,129.08,128.165
2015-12-25,132.56,132.55499999999998
2015-12-26,158.69,152.88833333333332
2015-12-27,187.01,174.8066666666667
2015-12-28,148.77,148.775
2015-12-29,159.67,150.46333333333334
2015-12-30,233.97,231.98666666666668
2015-12-31,240.97,238.78142857142856
2016-01-01,295.71,292.45142857142855
2016-01-02,239.21,239.21
2016-01-03,270.1,269.1016666666667
2016-01-04,339.8,338.575
2016-01-05,318.1,317.8966666666667
2016-01-06,305.51,307.18333333333334
2016-01-07,391.54,391.54200000000003
2016-01-08,339.87,350.10999999999996
2016-01-09,158.43,161.976
2016-01-10,183.24,171.14000000000001
2016-01-11,227.13,235.66800000000003
2016-01-12,195.21,181.326
2016-01-13,248.59,248.594
2016-01-14,196.87,196.87
2016-01-15,178.8,178.804
2016-01-16,138.86,138.864
2016-01-17,179.48,179.48399999999998
2016-01-18,269.05,269.048
2016-01-19,278.2,278.196
2016-01-20,272.1,272.05
2016-01-21,196.83,199.03
2016-01-22,290.66,291.18
2016-01-23,294.3,292.65
2016-01-24,303.5,292.76
2016-01-25,217.05,217.054
2016-01-26,308.75,308.754
2016-01-27,255.94,259.396
2016-01-28,283.03,269.286
2016-01-29,311.08,289.92
2016-01-30,285.83,275.57599999999996
2016-01-31,242.05,206.88
2016-02-01,121.4,121.4025
2016-02-02,135.31,126.082
2016-02-03,136.87,131.932
2016-02-04,130.76,130.75799999999998
2016-02-05,206.72,201.23399999999998
2016-02-06,224.94,233.53599999999997
2016-02-07,170.45,167.574
2016-02-08,119.57,123.82833333333333
2016-02-09,181.76,181.76
2016-02-10,216.55,216.012
2016-02-11,150.0,149.41
2016-02-12,146.03,150.592
2016-02-13,110.89,119.43199999999999
2016-02-14,103.57,113.23666666666668
2016-02-15,115.7,115.502
2016-02-16,123.22,126.498
2016-02-17,135.38,137.04166666666666
2016-02-18,148.75,157.878
2016-02-19,207.1,207.098
2016-02-20,150.89,153.922
2016-02-21,76.12,78.25333333333333
2016-02-22,88.73,86.058
2016-02-23,86.17,79.8125
2016-02-24,177.64,137.244
2016-02-25,131.69,141.49
2016-02-26,129.66,127.89
2016-02-27,144.98,129.7975
2016-02-28,163.92,152.445
2016-02-29,170.12,159.60999999999999
2016-03-01,213.62,232.65
2016-03-02,175.63,194.37
2016-03-03,165.22,158.0575
2016-03-04,115.55,129.73000000000002
2016-03-05,53.0,54.9
2016-03-06,47.43,64.39333333333333
2016-03-07,98.61,97.81800000000001
2016-03-08,84.42,84.14
2016-03-09,109.16,93.05199999999999
2016-03-10,129.9,143.75799999999998
2016-03-11,85.76,126.505
2016-03-12,60.17,60.17
2016-03-13,58.95,58.95
2016-03-14,51.82,48.322500000000005
2016-03-15,81.32,89.6175
2016-03-16,67.63,61.71
2016-03-17,70.86,69.288
2016-03-18,72.47,69.735
2016-03-19,103.73,93.805
2016-03-20,95.52,83.92
2016-03-21,58.4,54.69
2016-03-22,47.43,43.622
2016-03-23,80.01,66.176
2016-03-24,156.01,156.01
2016-03-25,137.99,116.106
2016-03-26,72.44,65.172
2016-03-27,61.75,59.3275
2016-03-28,81.46,68.34400000000001
2016-03-29,89.75,84.224
2016-03-30,88.68,72.872
2016-03-31,127.86,121.8025
2016-04-01,130.7,130.7
2016-04-02,118.44,118.44
2016-04-03,148.22,119.35
2016-04-04,132.86,145.945
2016-04-05,97.83,81.195
2016-04-06,91.82,86.03666666666668
2016-04-07,129.61,129.61333333333334
2016-04-08,89.78,89.78000000000002
2016-04-09,166.76,144.95
2016-04-10,107.81,96.51
2016-04-11,81.12,86.04166666666667
2016-04-12,74.03,72.71833333333333
2016-04-13,74.9,68.22333333333334
2016-04-14,94.81,94.81166666666667
2016-04-15,137.48,142.16166666666666
2016-04-16,124.13,126.33500000000001
2016-04-17,102.86,110.42166666666667
2016-04-18,102.9,103.69500000000001
2016-04-19,129.06,129.06333333333333
2016-04-20,124.8,124.79666666666667
2016-04-21,92.74,92.14666666666666
2016-04-22,113.75,115.10999999999999
2016-04-23,89.52,89.5175
2016-04-24,123.59,107.04
2016-04-25,104.5,100.81333333333333
2016-04-26,139.37,141.36166666666668
2016-04-27,162.54,158.80166666666665
2016-04-28,161.23,161.25333333333333
2016-04-29,181.49,181.49166666666667
2016-04-30,142.64,142.645
2016-05-01,124.21,127.44999999999999
2016-05-02,119.47,119.785
2016-05-03,125.36,112.74666666666667
2016-05-04,103.08,102.22666666666665
2016-05-05,65.02,65.46
2016-05-06,54.34,54.12666666666667
2016-05-07,77.89,77.885
2016-05-08,90.19,90.27499999999999
2016-05-09,77.34,77.82666666666667
2016-05-10,73.55,74.22166666666666
2016-05-11,66.49,67.01833333333333
2016-05-12,100.09,100.42666666666668
2016-05-13,99.88,98.11500000000001
2016-05-14,105.51,102.84400000000001
2016-05-15,128.85,121.25
2016-05-16,94.89,90.45333333333333
2016-05-17,92.95,92.952
2016-05-18,117.64,118.73800000000001
2016-05-19,94.22,95.29400000000001
2016-05-20,70.86,74.006
2016-05-21,78.02,77.09200000000001
2016-05-22,66.3,68.415
2016-05-23,87.31,86.92
2016-05-24,57.35,62.70799999999999
2016-05-25,105.02,105.02250000000001
2016-05-26,111.22,121.42
2016-05-27,180.71,178.408
2016-05-28,109.82,119.47200000000001
2016-05-29,42.67,41.06666666666667
2016-05-30,56.87,124.34333333333332
2016-05-31,101.54,132.33
2016-06-01,76.56,72.70833333333333
2016-06-02,81.4,78.325
2016-06-03,138.97,129.84
2016-06-04,137.81,134.185
2016-06-05,77.72,78.144
2016-06-06,84.61,89.95
2016-06-07,66.72,67.03
2016-06-08,64.08,65.174
2016-06-09,64.95,73.09200000000001
2016-06-10,75.75,81.664
2016-06-11,69.25,69.09
2016-06-12,70.71,70.45
2016-06-13,96.72,98.35
2016-06-14,59.02,68.928
2016-06-15,102.42,100.48333333333335
2016-06-16,62.37,63.211666666666666
2016-06-17,67.76,66.83333333333333
2016-06-18,79.17,78.89
2016-06-19,101.31,104.122
2016-06-20,83.1,90.724
2016-06-21,72.33,67.47666666666667
2016-06-22,75.14,74.88499999999999
2016-06-23,91.63,94.58833333333332
2016-06-24,100.02,108.02666666666666
2016-06-25,67.12,69.445
2016-06-26,48.0,47.99666666666667
2016-06-27,76.76,132.3683333333333
2016-06-28,80.89,94.35333333333334
2016-06-29,60.67,61.245000000000005
2016-06-30,69.65,70.74333333333334
2016-07-01,58.21,58.29666666666666
2016-07-02,57.24,51.05833333333334
2016-07-03,67.6,67.49166666666666
2016-07-04,57.1,59.85833333333333
2016-07-05,68.71,74.40666666666667
2016-07-06,77.71,80.70166666666667
2016-07-07,54.5,56.10166666666667
2016-07-08,54.96,60.44833333333333
2016-07-09,52.95,54.39666666666667
2016-07-10,59.13,59.54666666666666
2016-07-11,60.92,63.22
2016-07-12,39.32,42.666666666666664
2016-07-13,71.53,70.02666666666667
2016-07-14,73.51,64.8225
2016-07-15,52.88,44.97
2016-07-16,50.99,41.04333333333333
2016-07-17,75.93,49.06333333333333
2016-07-18,44.08,42.071666666666665
2016-07-19,42.14,44.86833333333333
2016-07-20,56.86,63.335
2016-07-21,45.64,51.30666666666667
2016-07-22,48.36,62.35833333333333
2016-07-23,42.09,50.81
2016-07-24,59.4,65.548
2016-07-25,76.29,77.178
2016-07-26,54.5,53.42999999999999
2016-07-27,40.55,38.394
2016-07-28,46.44,46.606
2016-07-29,56.16,55.2975
2016-07-30,42.7,42.70333333333334
2016-07-31,48.03,48.026666666666664
2016-08-01,43.47,40.03
2016-08-02,43.55,44.504
2016-08-03,50.86,53.0625
2016-08-04,49.04,55.987500000000004
2016-08-05,39.3,42.8375
2016-08-06,43.86,44.265
2016-08-07,42.84,42.692499999999995
2016-08-08,44.04,43.068
2016-08-09,41.29,41.142
2016-08-10,39.28,39.028
2016-08-11,30.66,34.174
2016-08-12,42.15,43.3425
2016-08-13,56.45,55.0025
2016-08-14,40.81,40.57
2016-08-15,39.51,39.505
2016-08-16,49.04,62.68
2016-08-17,62.19,62.1925
2016-08-18,55.55,55.55
2016-08-19,59.03,59.0275
2016-08-20,48.57,48.87
2016-08-21,28.01,27.1725
2016-08-22,28.6,28.07
2016-08-23,38.99,38.6625
2016-08-24,43.35,39.19
2016-08-25,45.88,40.565
2016-08-26,54.13,51.09
2016-08-27,56.56,56.56
2016-08-28,57.09,48.669999999999995
2016-08-29,54.73,54.776666666666664
2016-08-30,48.93,48.78333333333333
2016-08-31,37.1,36.7375
2016-09-01,28.06,31.24
2016-09-02,44.31,44.7825
2016-09-03,46.77,51.445
2016-09-04,57.64,55.8125
2016-09-05,45.37,43.86
2016-09-06,50.42,45.79333333333333
2016-09-07,50.73,50.73
2016-09-08,71.72,100.7875
2016-09-09,87.99,76.59750000000001
2016-09-10,45.7,45.865
2016-09-11,45.89,45.260000000000005
2016-09-12,49.7,48.9875
2016-09-13,57.08,57.010000000000005
2016-09-14,47.36,47.36
2016-09-15,79.99,79.99
2016-09-16,67.11,67.1075
2016-09-17,81.9,81.89750000000001
2016-09-18,86.16,86.16499999999999
2016-09-19,75.02,70.1325
2016-09-20,94.23,94.235
2016-09-21,89.62,88.695
2016-09-22,32.73,32.419999999999995
2016-09-23,55.64,52.68333333333334
2016-09-24,56.46,58.419999999999995
2016-09-25,56.64,56.63666666666666
2016-09-26,89.09,89.08999999999999
2016-09-27,52.49,52.49
2016-09-28,105.43,105.43333333333334
2016-09-29,101.84,101.83999999999999
2016-09-30,84.33,86.64666666666666
2016-10-01,117.28,117.28000000000002
2016-10-02,81.87,81.87333333333333
2016-10-03,103.12,103.11666666666667
2016-10-04,159.8,159.80333333333334
2016-10-05,81.71,81.63333333333333
2016-10-06,117.86,117.86333333333333
2016-10-07,114.06,114.05666666666667
2016-10-08,132.11,132.10666666666665
2016-10-09,144.47,144.46333333333334
2016-10-10,125.8,125.79666666666667
2016-10-11,134.84,134.84333333333333
2016-10-12,114.3,114.74000000000001
2016-10-13,86.93,87.35333333333334
2016-10-14,94.83,94.83
2016-10-15,144.98,144.97333333333333
2016-10-16,132.01,132.00666666666666
2016-10-17,149.35,149.35333333333332
2016-10-18,161.49,161.48999999999998
2016-10-19,140.57,140.57
2016-10-20,135.9,135.9
2016-10-21,161.11,161.11
2016-10-22,140.92,126.34999999999998
2016-10-23,182.14,182.13666666666666
2016-10-24,164.51,164.51
2016-10-25,115.76,115.76333333333332
2016-10-26,209.27,209.26999999999998
2016-10-27,296.27,296.26666666666665
2016-10-28,318.57,318.57666666666665
2016-10-29,350.39,350.3866666666667
2016-10-30,355.77,352.23333333333335
2016-10-31,434.92,434.92333333333335
2016-11-01,394.59,394.58666666666664
2016-11-02,537.96,534.9233333333333
2016-11-03,482.4,444.8966666666667
2016-11-04,342.45,337.4875
2016-11-05,588.39,606.9899999999999
2016-11-06,685.36,687.2133333333335
2016-11-07,488.57,469.27666666666664
2016-11-08,338.38,329.79333333333335
2016-11-09,307.08,308.4266666666667
2016-11-10,291.71,278.59999999999997
2016-11-11,295.88,297.4033333333333
2016-11-12,277.67,263.1766666666667
2016-11-13,228.16,231.79
2016-11-14,194.2,194.77333333333334
2016-11-15,236.09,232.71
2016-11-16,291.98,251.83333333333334
2016-11-17,351.47,204.97333333333336
2016-11-18,237.21,225.93999999999997
2016-11-19,285.71,233.81333333333336
2016-11-20,323.74,250.7266666666667
2016-11-21,340.61,244.92
2016-11-22,281.76,162.46
2016-11-23,174.56,182.54
2016-11-24,216.1,221.66333333333333
2016-11-25,136.21,140.75
2016-11-26,113.3,117.65333333333335
2016-11-27,128.7,138.53333333333333
2016-11-28,127.5,144.22333333333333
2016-11-29,236.58,242.0233333333333
2016-11-30,246.25,222.98666666666668
2016-12-01,263.61,252.37666666666667
2016-12-02,263.25,247.25
2016-12-03,196.6,202.28333333333333
2016-12-04,223.3,238.66666666666666
2016-12-05,204.6,215.41333333333333
2016-12-06,293.91,294.59999999999997
2016-12-07,283.61,264.40000000000003
2016-12-08,238.21,234.74333333333334
2016-12-09,295.62,284.87333333333333
2016-12-10,189.09,184.16
2016-12-11,199.12,196.98333333333335
2016-12-12,210.28,218.82000000000002
2016-12-13,209.91,218.12333333333333
2016-12-14,154.55,151.75
2016-12-15,167.64,170.88333333333333
2016-12-16,200.78,208.15333333333334
2016-12-17,229.35,229.01
2016-12-18,232.33,232.47333333333333
2016-12-19,236.24,234.96333333333334
2016-12-20,161.92,159.23
2016-12-21,131.95,131.35333333333332
2016-12-22,187.3,194.36666666666667
2016-12-23,364.15,393.52
2016-12-24,411.8,408.81
2016-12-25,232.41,216.40999999999997
2016-12-26,154.26,127.265
2016-12-27,213.2,234.13
2016-12-28,273.82,338.97
2016-12-29,339.96,373.01
2016-12-30,231.1,238.83
2016-12-31,211.16,203.305
2017-01-01,191.5,206.22000000000003
2017-01-02,247.79,259.98
2017-01-03,255.33,217.685
2017-01-04,248.01,222.51000000000002
2017-01-05,215.42,246.675
2017-01-06,194.12,203.5
2017-01-07,154.52,159.255
2017-01-08,136.98,164.005
2017-01-09,141.88,128.66
2017-01-10,108.26,105.83999999999999
2017-01-11,146.04,144.74333333333334
2017-01-12,216.73,222.66
2017-01-13,232.37,193.64666666666668
2017-01-14,309.28,372.775
2017-01-15,222.66,203.1
2017-01-16,188.08,177.14
2017-01-17,177.67,131.96
2017-01-18,218.63,177.1833333333333
2017-01-19,227.68,146.32333333333335
2017-01-20,217.55,111.93333333333334
2017-01-21,349.98,98.0
2017-01-22,286.6,129.1
2017-01-23,189.45,137.50333333333333
2017-01-24,230.94,216.69666666666663
2017-01-25,241.78,244.06333333333336
2017-01-26,135.87,134.37666666666667
2017-01-27,74.92,78.12333333333333
2017-01-28,109.13,110.66333333333334
2017-01-29,132.35,132.49
2017-01-30,166.71,137.53666666666666
2017-01-31,214.23,195.32000000000002
2017-02-01,136.02,142.40333333333334
2017-02-02,198.24,204.25
2017-02-03,194.99,200.85666666666668
2017-02-04,186.65,187.0
2017-02-05,146.49,144.31333333333333
2017-02-06,176.04,174.8033333333333
2017-02-07,77.85,78.62333333333333
2017-02-08,129.1,131.71333333333334
2017-02-09,133.12,136.97
2017-02-10,120.43,107.72333333333331
2017-02-11,129.09,113.27666666666666
2017-02-12,166.55,126.95333333333333
2017-02-13,130.62,117.37333333333333
2017-02-14,168.96,135.86666666666667
2017-02-15,183.98,134.51333333333335
2017-02-16,163.86,126.55
2017-02-17,112.02,111.84666666666668
2017-02-18,107.13,106.96333333333332
2017-02-19,109.38,112.72333333333334
2017-02-20,126.74,123.58333333333333
2017-02-21,106.92,110.74
2017-02-22,93.03,97.57333333333334
2017-02-23,182.29,94.10000000000001
2017-02-24,451.25,92.51
2017-02-25,425.22,86.39
2017-02-26,328.23,78.48333333333333
2017-02-27,178.5,94.78333333333335
2017-02-28,149.73,156.49
2017-03-01,127.9,116.20333333333333
2017-03-02,114.68,116.69
2017-03-03,67.83,73.26666666666667
2017-03-04,82.32,83.57333333333332
2017-03-05,90.6,91.10333333333334
2017-03-06,91.6,92.89999999999999
2017-03-07,112.41,116.85333333333334
2017-03-08,134.4,170.74333333333334
2017-03-09,106.45,135.4
2017-03-10,68.88,225.375
2017-03-11,37.49,46.83
2017-03-12,64.42,68.025
2017-03-13,74.58,76.905
2017-03-14,102.46,108.495
2017-03-15,112.71,117.39999999999999
2017-03-16,125.8,136.59
2017-03-17,114.07,118.18
2017-03-18,96.39,99.17
2017-03-19,120.43,137.945
2017-03-20,121.21,123.1
2017-03-21,128.51,137.785
2017-03-22,120.88,145.29000000000002
2017-03-23,151.17,142.20499999999998
2017-03-24,149.42,181.575
2017-03-25,168.23,212.07999999999998
2017-03-26,118.34,136.005
2017-03-27,156.38,194.39999999999998
2017-03-28,152.66,225.78
2017-03-29,113.62,125.47
2017-03-30,69.44,71.96
2017-03-31,91.19,98.22
2017-04-01,105.71,116.3
2017-04-02,83.36,85.44
2017-04-03,70.62,77.09
2017-04-04,84.4,98.28
2017-04-05,47.67,52.58
2017-04-06,62.44,63.46
2017-04-07,150.76,138.92
2017-04-08,151.25,185.6
2017-04-09,68.88,49.96
2017-04-10,129.15,56.7
2017-04-11,146.59,74.50666666666666
2017-04-12,107.69,101.36666666666667
2017-04-13,163.97,187.01333333333332
2017-04-14,184.69,212.04500000000002
2017-04-15,176.54,205.48000000000002
2017-04-16,175.23,187.185
2017-04-17,145.22,134.81
2017-04-18,152.84,164.63
2017-04-19,136.35,162.20999999999998
2017-04-20,152.99,186.82
2017-04-21,130.13,137.66
2017-04-22,110.54,
2017-04-23,103.42,115.46000000000001
2017-04-24,99.09,116.505
2017-04-25,96.07,105.05000000000001
2017-04-26,72.31,86.675
2017-04-27,93.14,106.86
2017-04-28,109.36,106.30499999999999
2017-04-29,126.74,147.8
2017-04-30,80.81,90.38
2017-05-01,85.8,92.5
2017-05-02,198.2,180.67000000000002
2017-05-03,145.74,157.995
2017-05-04,109.91,119.12
2017-05-05,207.4,207.405
2017-05-06,204.56,204.56
2017-05-07,220.77,220.775
2017-05-08,183.82,189.39499999999998
2017-05-09,109.76,102.45
2017-05-10,74.42,79.635
2017-05-11,94.28,98.68
2017-05-12,216.96,221.22500000000002
2017-05-13,198.09,218.95499999999998
2017-05-14,121.76,124.845
2017-05-15,135.54,149.53
2017-05-16,123.21,127.605
2017-05-17,78.18,76.175
2017-05-18,126.04,159.465
2017-05-19,139.1,139.095
2017-05-20,233.82,233.82
2017-05-21,178.44,178.44
2017-05-22,110.1,114.13499999999999
2017-05-23,118.43,146.67000000000002
2017-05-24,107.37,113.21
2017-05-25,113.9,97.685
2017-05-26,103.75,110.41
2017-05-27,69.88,74.66
2017-05-28,40.33,42.125
2017-05-29,48.95,49.54
2017-05-30,63.27,67.715
2017-05-31,56.38,59.92
2017-06-01,95.23,100.725
2017-06-02,123.44,134.78
2017-06-03,122.2,140.47
2017-06-04,121.1,140.19
2017-06-05,71.89,84.41499999999999
2017-06-06,80.37,93.05000000000001
2017-06-07,40.87,50.55
2017-06-08,41.83,
2017-06-09,66.73,
2017-06-10,64.63,
2017-06-11,43.02,
2017-06-12,57.4,
2017-06-13,48.6,
2017-06-14,62.0,
2017-06-15,80.14,
2017-06-16,51.6,
2017-06-17,41.96,
2017-06-18,65.19,
2017-06-19,60.9,
2017-06-20,35.1,
2017-06-21,58.27,
2017-06-22,61.93,
2017-06-23,44.08,
2017-06-24,63.62,
2017-06-25,76.1,
2017-06-26,51.52,
2017-06-27,36.62,
2017-06-28,29.83,
2017-06-29,22.98,
2017-06-30,25.83,
2017-07-01,43.35,
2017-07-02,20.52,
2017-07-03,46.71,
2017-07-04,116.12,
2017-07-05,50.81,
2017-07-06,47.17,
2017-07-07,41.42,
2017-07-08,45.31,
2017-07-09,58.46,
2017-07-10,41.92,
2017-07-11,33.04,
2017-07-12,22.35,
2017-07-13,22.44,
2017-07-14,30.35,
2017-07-15,32.02,
2017-07-16,38.77,
2017-07-17,33.56,
2017-07-18,37.67,
2017-07-19,55.96,
2017-07-20,28.88,
2017-07-21,23.12,
2017-07-22,18.54,
2017-07-23,22.65,
2017-07-24,17.52,
2017-07-25,22.17,
2017-07-26,20.17,
2017-07-27,24.42,
2017-07-28,25.71,
2017-07-29,27.25,
2017-07-30,10.88,
2017-07-31,17.1,
2017-08-01,17.24,
2017-08-02,27.56,
2017-08-03,27.29,
2017-08-04,42.65,
2017-08-05,53.69,
2017-08-06,61.44,
2017-08-07,57.42,
2017-08-08,36.58,
2017-08-09,50.42,
2017-08-10,48.6,
2017-08-11,21.83,
2017-08-12,,
2017-08-13,,
2017-08-14,26.54,
2017-08-15,30.12,
2017-08-16,35.23,
2017-08-17,39.6,
2017-08-18,46.25,
2017-08-19,35.48,
2017-08-20,22.15,
2017-08-21,25.5,
2017-08-22,46.0,
2017-08-23,36.54,
2017-08-24,47.79,
2017-08-25,51.33,
2017-08-26,62.33,
2017-08-27,34.3,
2017-08-28,23.82,31.48
2017-08-29,15.23,
2017-08-30,20.5,
2017-08-31,41.62,26.07
2017-09-01,25.58,14.69
2017-09-02,20.06,
2017-09-03,38.19,
2017-09-04,47.89,
2017-09-05,35.61,
2017-09-06,39.41,
2017-09-07,40.34,
2017-09-08,51.7,
2017-09-09,54.83,
2017-09-10,60.46,
2017-09-11,63.97,
2017-09-12,46.65,
2017-09-13,54.77,
2017-09-14,80.47,
2017-09-15,64.37,
2017-09-16,51.56,
2017-09-17,53.05,
2017-09-18,60.83,
2017-09-19,55.55,
2017-09-20,70.81,
2017-09-21,55.93,
2017-09-22,11.81,
2017-09-23,17.76,
2017-09-24,35.5,
2017-09-25,50.09,
2017-09-26,66.12,68.41
2017-09-27,80.94,84.205
2017-09-28,75.4,121.14
2017-09-29,89.38,140.7
2017-09-30,74.2,108.34
2017-10-01,68.47,65.29666666666667
2017-10-02,63.41,62.72
2017-10-03,69.45,131.52833333333334
2017-10-04,76.81,69.216
2017-10-05,75.73,66.316
2017-10-06,79.81,73.146
2017-10-07,70.98,70.128
2017-10-08,102.2,81.252
2017-10-09,107.63,98.522
2017-10-10,105.88,81.3125
2017-10-11,104.45,141.3
2017-10-12,106.85,135.485
2017-10-13,137.42,157.89
2017-10-14,147.07,168.495
2017-10-15,147.83,174.89
2017-10-16,152.61,188.64666666666668
2017-10-17,121.7,145.0775
2017-10-18,152.16,157.38
2017-10-19,176.17,188.05166666666665
2017-10-20,426.52,425.22
2017-10-21,213.12,222.24333333333334
2017-10-22,146.01,164.485
2017-10-23,163.35,138.953
2017-10-24,188.24,171.97
2017-10-25,203.03,214.2575
2017-10-26,178.91,164.65
2017-10-27,167.54,148.5811111111111
2017-10-28,198.37,204.394
2017-10-29,187.82,195.22
2017-10-30,196.37,226.00333333333333
2017-10-31,211.64,226.01
2017-11-01,179.17,175.3711111111111
2017-11-02,160.69,184.12
2017-11-03,168.16,175.793
2017-11-04,190.33,209.571
2017-11-05,209.61,234.994
2017-11-06,216.53,244.74200000000002
2017-11-07,517.93,540.969
2017-11-08,639.19,658.083
2017-11-09,495.9,536.367
2017-11-10,370.73,411.46400000000006
2017-11-11,363.77,399.552
2017-11-12,465.08,509.01099999999997
2017-11-13,354.56,387.206
2017-11-14,254.36,266.736
2017-11-15,192.04,206.352
2017-11-16,191.57,204.044
2017-11-17,150.79,159.464
2017-11-18,143.51,150.691
2017-11-19,128.65,136.873
2017-11-20,171.34,180.39000000000001
2017-11-21,178.08,193.353
2017-11-22,177.41,196.73399999999998
2017-11-23,175.56,196.551
2017-11-24,187.97,220.04000000000002
2017-11-25,185.31,207.67
2017-11-26,224.37,251.529
2017-11-27,198.34,221.108
2017-11-28,167.74,189.964
2017-11-29,215.17,244.94
2017-11-30,219.84,249.53555555555556
2017-12-01,190.45,219.20666666666668
2017-12-02,208.87,245.8211111111111
2017-12-03,240.87,282.10555555555555
2017-12-04,261.82,295.95222222222225
2017-12-05,230.56,244.44
2017-12-06,120.91,125.478
2017-12-07,88.95,96.84400000000001
2017-12-08,115.08,183.009
2017-12-09,165.76,196.139
2017-12-10,230.34,238.43099999999998
2017-12-11,218.87,245.698
2017-12-12,109.18,117.603
2017-12-13,134.99,144.805
2017-12-14,126.67,133.219
2017-12-15,127.57,140.59300000000002
2017-12-16,100.72,117.51333333333334
2017-12-17,95.58,111.05199999999999
2017-12-18,115.19,134.625
2017-12-19,168.33,190.198
2017-12-20,283.24,320.53499999999997
2017-12-21,293.14,320.71500000000003
2017-12-22,157.72,178.421
2017-12-23,117.72,138.783
2017-12-24,203.18,241.58800000000002
2017-12-25,259.0,301.368
2017-12-26,224.42,249.189
2017-12-27,224.27,252.644
2017-12-28,249.17,279.03000000000003
2017-12-29,227.28,249.711
2017-12-30,273.56,305.194
2017-12-31,306.17,341.291
2018-01-01,303.41,336.71500000000003
2018-01-02,277.48,299.87399999999997
2018-01-03,217.01,232.121
2018-01-04,248.54,266.931
2018-01-05,240.42,255.254
2018-01-06,252.57,277.131
2018-01-07,191.66,211.238
2018-01-08,152.98,171.418
2018-01-09,233.1,260.148
2018-01-10,186.26,209.57
2018-01-11,154.64,174.685
2018-01-12,168.87,183.875
2018-01-13,230.5,246.856
2018-01-14,191.47,210.88600000000002
2018-01-15,177.71,191.536
2018-01-16,133.56,151.06300000000002
2018-01-17,235.06,248.57799999999997
2018-01-18,276.25,313.611
2018-01-19,253.7,279.363
2018-01-20,152.33,192.307
2018-01-21,153.61,165.40699999999998
2018-01-22,202.11,226.10999999999999
2018-01-23,160.79,173.20999999999998
2018-01-24,130.16,143.114
2018-01-25,111.75,129.6
2018-01-26,128.45,139.014
2018-01-27,155.2,169.459
2018-01-28,150.96,166.872
2018-01-29,162.48,178.68099999999998
2018-01-30,126.84,140.137
2018-01-31,123.48,132.57999999999998
2018-02-01,157.33,162.082
2018-02-02,140.35,129.152
2018-02-03,115.05,105.36777777777777
2018-02-04,133.8,118.73777777777777
2018-02-05,163.6,147.01100000000002
2018-02-06,143.29,133.85
2018-02-07,131.49,124.376
2018-02-08,186.19,185.083
2018-02-09,203.33,210.44699999999997
2018-02-10,209.7,220.417
2018-02-11,148.13,151.91
2018-02-12,72.36,71.15
2018-02-13,103.93,100.64399999999999
2018-02-14,76.92,74.90599999999999
2018-02-15,94.49,88.776
2018-02-16,123.19,124.127
2018-02-17,127.8,127.21900000000001
2018-02-18,127.27,131.226
2018-02-19,172.55,178.60899999999998
2018-02-20,167.16,175.642
2018-02-21,172.99,183.374
2018-02-22,159.67,162.59300000000002
2018-02-23,163.75,180.628
2018-02-24,164.2,166.91500000000002
2018-02-25,106.26,101.584
2018-02-26,67.27,67.077
2018-02-27,85.53,83.545
2018-02-28,143.25,145.29
2018-03-01,120.71,120.742
2018-03-02,139.18,142.786
2018-03-03,98.25,100.26
2018-03-04,79.83,81.424
2018-03-05,76.96,75.51
2018-03-06,75.45,77.149
2018-03-07,87.62,88.809
2018-03-08,139.88,146.566
2018-03-09,134.76,137.872
2018-03-10,75.67,73.106
2018-03-11,88.3,87.486
2018-03-12,105.29,105.70333333333332
2018-03-13,109.22,114.16888888888889
2018-03-14,116.62,115.051
2018-03-15,108.98,112.30999999999999
2018-03-16,111.67,119.578
2018-03-17,81.57,92.564
2018-03-18,82.15,82.71555555555557
2018-03-19,81.93,82.49666666666667
2018-03-20,109.99,118.768
2018-03-21,133.53,140.734
2018-03-22,83.4,83.982
2018-03-23,64.2,62.815999999999995
2018-03-24,78.4,80.663
2018-03-25,85.34,92.87100000000001
2018-03-26,85.9,95.88199999999999
2018-03-27,111.26,124.066
2018-03-28,117.78,122.96599999999998
2018-03-29,95.98,95.952
2018-03-30,96.45,101.14500000000001
2018-03-31,101.59,95.50111111111111
2018-04-01,75.14,72.184
2018-04-02,96.38,88.924
2018-04-03,101.18,97.115
2018-04-04,111.82,113.453
2018-04-05,152.56,169.401
2018-04-06,100.5,106.66
2018-04-07,48.46,51.689
2018-04-08,50.27,51.006
2018-04-09,49.56,55.32000000000001
2018-04-10,93.89,96.64099999999999
2018-04-11,48.61,52.959
2018-04-12,46.21,55.242222222222225
2018-04-13,83.96,98.45222222222222
2018-04-14,97.16,107.542
2018-04-15,107.36,122.649
2018-04-16,119.75,125.59200000000001
2018-04-17,81.97,87.056
2018-04-18,73.44,83.493
2018-04-19,89.49,100.559
2018-04-20,100.01,117.4
2018-04-21,119.24,152.219
2018-04-22,62.06,77.75
2018-04-23,76.11,83.689
2018-04-24,108.64,119.75111111111111
2018-04-25,117.56,128.04444444444445
2018-04-26,142.82,154.99
2018-04-27,107.47,110.833
2018-04-28,84.13,84.28444444444443
2018-04-29,89.1,93.69
2018-04-30,79.3,86.082
2018-05-01,54.88,56.349999999999994
2018-05-02,66.74,69.671
2018-05-03,47.25,48.870999999999995
2018-05-04,49.09,55.666
2018-05-05,74.82,77.245
2018-05-06,110.48,114.74100000000001
2018-05-07,111.95,121.617
2018-05-08,61.0,68.022
2018-05-09,71.99,75.561
2018-05-10,93.45,99.64200000000001
2018-05-11,132.39,150.676
2018-05-12,144.33,160.83333333333334
2018-05-13,80.64,90.12444444444445
2018-05-14,49.22,50.306
2018-05-15,67.23,67.753
2018-05-16,78.74,78.07300000000001
2018-05-17,105.99,111.779
2018-05-18,96.96,96.40700000000001
2018-05-19,103.98,108.731
2018-05-20,83.66,91.718
2018-05-21,71.25,79.79400000000001
2018-05-22,91.16,97.353
2018-05-23,129.23,141.121
2018-05-24,114.13,123.94300000000001
2018-05-25,83.88,90.78
2018-05-26,103.02,100.24199999999999
2018-05-27,97.37,105.66333333333334
2018-05-28,117.56,117.401
2018-05-29,112.6,122.119
2018-05-30,65.76,70.264
2018-05-31,71.99,83.514
2018-06-01,79.98,89.022
2018-06-02,52.6,74.43875
2018-06-03,59.52,76.01888888888888
2018-06-04,64.42,81.795
2018-06-05,61.72,83.127
2018-06-06,57.68,59.11777777777778
2018-06-07,73.77,84.54299999999999
2018-06-08,76.78,88.31899999999999
2018-06-09,52.79,57.388999999999996
2018-06-10,67.02,79.186
2018-06-11,73.22,84.16499999999999
2018-06-12,141.28,165.179
2018-06-13,261.77,302.06100000000004
2018-06-14,225.49,249.967
2018-06-15,153.28,185.98700000000002
2018-06-16,127.32,140.81300000000002
2018-06-17,84.47,92.856
2018-06-18,61.06,65.253
2018-06-19,52.76,55.303
2018-06-20,67.55,73.799
2018-06-21,76.98,86.912
2018-06-22,83.98,89.39099999999999
2018-06-23,81.33,86.795
2018-06-24,54.15,64.10499999999999
2018-06-25,46.9,71.43100000000001
2018-06-26,29.98,49.44799999999999
2018-06-27,52.48,63.657000000000004
2018-06-28,30.07,45.26777777777778
2018-06-29,37.11,42.20333333333333
2018-06-30,41.41,47.333333333333336
2018-07-01,34.18,45.147777777777776
2018-07-02,34.24,44.364444444444445
2018-07-03,44.55,50.84222222222222
2018-07-04,45.76,58.76111111111111
2018-07-05,50.41,57.449999999999996
2018-07-06,57.12,63.27333333333334
2018-07-07,61.93,72.06444444444445
2018-07-08,68.2,75.08777777777777
2018-07-09,70.48,81.07111111111111
2018-07-10,47.48,61.896666666666675
2018-07-11,39.78,45.81666666666667
2018-07-12,46.53,54.962222222222216
2018-07-13,28.44,36.36888888888889
2018-07-14,33.82,43.355
2018-07-15,37.76,49.06625
2018-07-16,37.32,44.21333333333334
2018-07-17,34.26,41.45666666666667
2018-07-18,37.76,45.08888888888889
2018-07-19,35.04,47.7
2018-07-20,37.26,44.99555555555556
2018-07-21,50.21,62.84
2018-07-22,25.81,34.687777777777775
2018-07-23,32.39,41.385555555555555
2018-07-24,39.3,48.02444444444445
2018-07-25,34.7,52.77
2018-07-26,32.22,59.81666666666667
2018-07-27,21.75,32.03
2018-07-28,37.69,65.90777777777778
2018-07-29,44.03,49.59444444444445
2018-07-30,39.89,48.385555555555555
2018-07-31,50.59,59.13333333333334
2018-08-01,55.77,65.09555555555556
2018-08-02,71.5,87.06555555555556
2018-08-03,65.46,77.81555555555556
2018-08-04,69.75,74.65
2018-08-05,63.57,68.82555555555557
2018-08-06,50.64,55.76222222222222
2018-08-07,44.54,48.29777777777778
2018-08-08,36.7,39.394444444444446
2018-08-09,36.84,39.71222222222222
2018-08-10,46.24,51.62222222222223
2018-08-11,32.72,37.38333333333333
2018-08-12,25.7,32.978
2018-08-13,32.75,38.601
2018-08-14,46.85,51.188
2018-08-15,43.0,49.669999999999995
2018-08-16,36.49,43.92
2018-08-17,32.98,38.745
2018-08-18,32.11,38.225
2018-08-19,47.01,58.439
2018-08-20,61.1,72.292
2018-08-21,30.98,33.974444444444444
2018-08-22,29.75,34.46222222222222
2018-08-23,31.19,48.691
2018-08-24,23.71,31.926
2018-08-25,21.96,29.102999999999998
2018-08-26,23.96,27.75222222222222
2018-08-27,24.78,31.375555555555554
2018-08-28,29.26,34.874
2018-08-29,36.06,53.668000000000006
2018-08-30,41.26,53.053
2018-08-31,47.53,54.531000000000006
2018-09-01,45.19,50.972
2018-09-02,40.9,47.62625
2018-09-03,42.06,44.262499999999996
2018-09-04,55.72,59.010000000000005
2018-09-05,39.77,43.886
2018-09-06,49.44,73.794
2018-09-07,42.11,56.162
2018-09-08,35.45,48.456
2018-09-09,29.1,49.005
2018-09-10,36.99,47.352999999999994
2018-09-11,28.33,36.563
2018-09-12,28.55,33.799
2018-09-13,27.49,33.855000000000004
2018-09-14,31.38,37.46
2018-09-15,37.48,42.229
2018-09-16,43.09,48.080000000000005
2018-09-17,55.86,61.729
2018-09-18,54.94,59.30499999999999
2018-09-19,58.63,62.573
2018-09-20,73.3,78.02111111111111
2018-09-21,46.73,49.80777777777777
2018-09-22,24.29,36.76777777777778
2018-09-23,30.71,35.55888888888889
2018-09-24,21.46,31.219
2018-09-25,21.45,27.07
2018-09-26,42.83,57.913
2018-09-27,71.44,79.51
2018-09-28,83.78,91.243
2018-09-29,92.46,113.522
2018-09-30,69.49,93.065
2018-10-01,65.78,68.69399999999999
2018-10-02,76.03,75.29666666666667
2018-10-03,63.37,84.188
2018-10-04,97.4,108.61099999999999
2018-10-05,121.12,123.14999999999999
2018-10-06,78.87,78.34400000000001
2018-10-07,81.14,84.928
2018-10-08,118.6,123.22
2018-10-09,103.26,102.02555555555556
2018-10-10,93.36,92.49555555555555
2018-10-11,70.42,75.20666666666666
2018-10-12,67.93,71.40222222222222
2018-10-13,132.93,149.87333333333333
2018-10-14,91.88,92.0988888888889
2018-10-15,115.96,110.87899999999999
2018-10-16,139.18,138.091
2018-10-17,137.29,143.60999999999999
2018-10-18,143.2,152.00799999999998
2018-10-19,137.73,143.68699999999998
2018-10-20,168.87,170.11100000000002
2018-10-21,141.15,148.232
2018-10-22,121.65,123.26700000000001
2018-10-23,119.4,124.675
2018-10-24,174.04,181.067
2018-10-25,168.82,175.226
2018-10-26,203.12,220.20299999999997
2018-10-27,206.05,213.138
2018-10-28,205.0,218.983
2018-10-29,231.83,246.81300000000002
2018-10-30,263.39,256.592
2018-10-31,225.17,223.304
2018-11-01,236.67,232.506
2018-11-02,205.44,198.35999999999999
2018-11-03,159.56,150.23
2018-11-04,97.27,93.418
2018-11-05,361.98,354.62399999999997
2018-11-06,177.88,175.32999999999998
2018-11-07,175.43,172.868
2018-11-08,420.3,389.504
2018-11-09,300.91,303.452
2018-11-10,288.86,277.431
2018-11-11,256.68,251.15
2018-11-12,271.7,265.569
2018-11-13,265.06,254.071
2018-11-14,136.2,132.56
2018-11-15,98.53,97.212
2018-11-16,138.49,135.887
2018-11-17,135.21,135.321
2018-11-18,166.43,156.575
2018-11-19,179.79,171.507
2018-11-20,224.1,219.373
2018-11-21,209.96,205.715
2018-11-22,139.02,132.299
2018-11-23,187.85,185.416
2018-11-24,107.73,106.423
2018-11-25,133.62,132.347
2018-11-26,200.69,200.21800000000002
2018-11-27,205.53,191.42000000000002
2018-11-28,193.1,180.385
2018-11-29,205.17,207.09
2018-11-30,190.36,198.29500000000002
2018-12-01,147.48,144.08499999999998
2018-12-02,164.63,165.778
2018-12-03,178.87,191.22
2018-12-04,211.57,232.141
2018-12-05,181.62,188.71300000000002
2018-12-06,218.06,211.594
2018-12-07,193.81,189.46800000000002
2018-12-08,202.83,203.068
2018-12-09,226.35,230.38000000000002
2018-12-10,264.63,258.57
2018-12-11,274.97,269.173
2018-12-12,209.63,204.781
2018-12-13,94.29,98.021
2018-12-14,113.42,111.297
2018-12-15,122.69,121.67699999999999
2018-12-16,150.28,152.32
2018-12-17,182.78,179.904
2018-12-18,204.08,197.401
2018-12-19,205.22,203.29299999999998
2018-12-20,258.1,265.518
2018-12-21,252.2,256.17600000000004
2018-12-22,326.79,342.85
2018-12-23,401.58,418.97700000000003
2018-12-24,378.68,398.358
2018-12-25,268.2,270.27599999999995
2018-12-26,241.0,239.81900000000002
2018-12-27,290.1,300.651
2018-12-28,249.23,243.79299999999998
2018-12-29,248.12,262.05100000000004
2018-12-30,336.42,364.479
2018-12-31,319.69,348.35900000000004
2019-01-01,287.34,294.383
2019-01-02,331.2,331.283
2019-01-03,355.4,373.048
2019-01-04,246.46,243.29000000000002
2019-01-05,262.53,250.64299999999997
2019-01-06,174.26,168.01600000000002
2019-01-07,181.74,174.116
2019-01-08,156.26,149.881
2019-01-09,143.66,137.956
2019-01-10,165.95,172.299
2019-01-11,278.95,299.942
2019-01-12,311.03,335.691
2019-01-13,272.45,271.805
2019-01-14,94.44,91.83888888888889
2019-01-15,134.57,136.8488888888889
2019-01-16,271.96,275.692
2019-01-17,358.91,368.82399999999996
2019-01-18,237.22,245.315
2019-01-19,262.68,268.20500000000004
2019-01-20,314.59,337.277
2019-01-21,175.49,169.362
2019-01-22,53.25,54.697
2019-01-23,135.68,145.772
2019-01-24,130.59,141.726
2019-01-25,81.2,81.194
2019-01-26,101.61,102.80555555555556
2019-01-27,136.47,136.60899999999998
2019-01-28,126.48,119.704
2019-01-29,142.0,143.743
2019-01-30,206.14,214.65900000000002
2019-01-31,204.25,219.921
2019-02-01,178.68,177.067
2019-02-02,177.32,180.25
2019-02-03,131.1,144.18444444444444
2019-02-04,144.62,158.81777777777776
2019-02-05,256.33,288.8966666666667
2019-02-06,177.25,180.68111111111114
2019-02-07,65.65,68.183
2019-02-08,72.29,78.7
2019-02-09,82.5,81.865
2019-02-10,143.31,145.891
2019-02-11,173.61,190.879
2019-02-12,208.64,222.211
2019-02-13,198.26,199.382
2019-02-14,153.73,154.89600000000002
2019-02-15,123.46,128.98
2019-02-16,112.34,114.15299999999999
2019-02-17,99.27,108.71400000000001
2019-02-18,109.11,103.28900000000002
2019-02-19,126.12,127.374
2019-02-20,102.3,110.279
2019-02-21,73.33,78.414
2019-02-22,73.9,83.188
2019-02-23,56.51,56.161
2019-02-24,89.34,89.967
2019-02-25,92.36,101.078
2019-02-26,59.97,63.886
2019-02-27,47.18,53.538
2019-02-28,96.38,103.268
2019-03-01,93.83,98.799
2019-03-02,109.6,108.68299999999999
2019-03-03,62.92,61.28666666666667
2019-03-04,105.93,114.521
2019-03-05,68.86,68.827
2019-03-06,83.45,89.28
2019-03-07,104.61,112.44000000000001
2019-03-08,92.07,99.983
2019-03-09,73.31,82.084
2019-03-10,73.98,78.84400000000001
2019-03-11,82.17,85.074
2019-03-12,57.28,62.806
2019-03-13,89.17,95.92
2019-03-14,111.2,121.492
2019-03-15,74.88,76.925
2019-03-16,68.64,69.55
2019-03-17,93.61,98.97200000000001
2019-03-18,100.32,105.596
2019-03-19,103.77,111.43800000000002
2019-03-20,89.82,93.7
2019-03-21,112.29,136.16199999999998
2019-03-22,38.43,41.844
2019-03-23,55.62,57.613
2019-03-24,53.28,56.088
2019-03-25,65.0,66.205
2019-03-26,75.82,75.361
2019-03-27,78.37,78.705
2019-03-28,116.55,126.53299999999999
2019-03-29,112.67,138.703
2019-03-30,102.27,117.15900000000002
2019-03-31,58.96,65.28099999999999
2019-04-01,59.08,60.814
2019-04-02,90.1,88.67333333333333
2019-04-03,85.02,82.713
2019-04-04,119.71,126.494
2019-04-05,125.44,136.134
2019-04-06,96.6,106.08
2019-04-07,152.91,160.619
2019-04-08,81.3,96.607
2019-04-09,87.74,89.566
2019-04-10,101.94,111.769
2019-04-11,70.25,80.854
2019-04-12,61.34,73.826
2019-04-13,55.93,62.985
2019-04-14,51.51,55.962
2019-04-15,54.84,67.149
2019-04-16,59.08,76.862
2019-04-17,22.14,29.051
2019-04-18,38.92,44.129000000000005
2019-04-19,71.62,72.958
2019-04-20,90.55,92.84
2019-04-21,95.24,102.626
2019-04-22,110.16,120.10499999999999
2019-04-23,104.17,113.95899999999999
2019-04-24,85.7,93.36800000000001
2019-04-25,86.41,98.12899999999999
2019-04-26,82.37,95.925
2019-04-27,73.06,87.674
2019-04-28,76.44,90.32333333333332
2019-04-29,84.04,95.497
2019-04-30,95.72,107.981
2019-05-01,111.57,125.03899999999999
2019-05-02,77.72,93.714
2019-05-03,52.16,64.54400000000001
2019-05-04,77.96,86.002
2019-05-05,101.25,95.337
2019-05-06,118.9,118.56300000000002
2019-05-07,128.78,127.75399999999999
2019-05-08,143.34,150.17000000000002
2019-05-09,137.2,151.65
2019-05-10,95.07,114.232
2019-05-11,101.83,107.495
2019-05-12,178.22,171.77100000000002
2019-05-13,170.81,168.906
2019-05-14,58.22,68.327
2019-05-15,84.81,97.189
2019-05-16,75.45,88.143
2019-05-17,92.53,110.893
2019-05-18,44.28,59.137
2019-05-19,81.99,89.94399999999999
2019-05-20,93.97,100.991
2019-05-21,77.78,79.79400000000001
2019-05-22,64.24,71.205
2019-05-23,92.4,93.865
2019-05-24,43.86,48.759
2019-05-25,43.66,48.912
2019-05-26,55.13,59.706999999999994
2019-05-27,64.66,74.393
2019-05-28,65.82,72.692
2019-05-29,74.8,86.7
2019-05-30,85.21,84.67699999999999
2019-05-31,88.57,111.03599999999999
2019-06-01,95.4,107.304
2019-06-02,73.36,83.657
2019-06-03,66.94,83.559
2019-06-04,54.95,67.12899999999999
2019-06-05,73.35,83.884
2019-06-06,70.61,84.97
2019-06-07,54.81,63.326
2019-06-08,69.75,78.812
2019-06-09,101.05,109.47200000000001
2019-06-10,74.48,83.40700000000001
2019-06-11,118.38,146.46599999999998
2019-06-12,59.86,75.961
2019-06-13,52.66,66.745
2019-06-14,53.79,62.602999999999994
2019-06-15,81.86,92.348
2019-06-16,42.06,54.101
2019-06-17,40.18,52.948
2019-06-18,30.39,42.635
2019-06-19,79.96,91.826
2019-06-20,42.76,51.775999999999996
2019-06-21,71.15,79.775
2019-06-22,68.27,74.584
2019-06-23,42.06,50.653
2019-06-24,26.29,39.658
2019-06-25,53.65,68.721
2019-06-26,67.36,80.16
2019-06-27,65.3,71.15299999999999
2019-06-28,61.21,68.90700000000001
2019-06-29,58.08,70.022
2019-06-30,65.24,75.9
2019-07-01,57.27,69.185
2019-07-02,71.68,89.53999999999999
2019-07-03,39.99,51.636
2019-07-04,36.82,49.648
2019-07-05,48.6,57.166
2019-07-06,34.25,40.168
2019-07-07,38.81,44.195
2019-07-08,49.12,53.965999999999994
2019-07-09,42.56,49.109
2019-07-10,69.21,72.126
2019-07-11,76.99,83.53999999999999
2019-07-12,76.35,85.16499999999999
2019-07-13,63.18,72.488
2019-07-14,63.16,73.953
2019-07-15,42.04,57.778
2019-07-16,31.51,40.339
2019-07-17,32.06,38.788
2019-07-18,32.92,42.607
2019-07-19,63.02,73.381
2019-07-20,46.43,54.388
2019-07-21,50.57,54.624
2019-07-22,60.38,65.183
2019-07-23,73.08,87.19500000000001
2019-07-24,63.26,74.758
2019-07-25,22.79,32.166000000000004
2019-07-26,30.63,36.658
2019-07-27,26.16,33.135000000000005
2019-07-28,21.13,27.105
2019-07-29,24.45,31.282
2019-07-30,30.1,37.181
2019-07-31,30.22,36.576
2019-08-01,34.26,39.742000000000004
2019-08-02,35.06,40.051
2019-08-03,38.54,43.964999999999996
2019-08-04,46.69,51.467
2019-08-05,52.2,56.311
2019-08-06,30.04,34.449
2019-08-07,32.63,39.81
2019-08-08,27.69,32.503
2019-08-09,14.59,21.178
2019-08-10,16.73,22.673333333333332
2019-08-11,25.53,30.95777777777778
2019-08-12,20.53,27.284
2019-08-13,21.68,28.558
2019-08-14,33.21,43.434444444444445
2019-08-15,28.78,35.96
2019-08-16,15.52,21.173000000000002
2019-08-17,10.24,16.226
2019-08-18,15.51,20.708
2019-08-19,38.55,44.806
2019-08-20,41.74,51.400999999999996
2019-08-21,46.69,56.416999999999994
2019-08-22,44.16,52.181
2019-08-23,50.49,58.864999999999995
2019-08-24,60.71,69.003
2019-08-25,33.49,39.348
2019-08-26,25.06,30.759000000000004
2019-08-27,40.68,45.335
2019-08-28,42.04,46.994
2019-08-29,33.92,39.022
2019-08-30,43.5,49.919
2019-08-31,57.16,60.364
2019-09-01,35.13,43.21666666666667
2019-09-02,46.15,55.129999999999995
2019-09-03,70.64,78.44800000000001
2019-09-04,73.33,80.15299999999999
2019-09-05,33.9,38.379000000000005
2019-09-06,35.81,41.779
2019-09-07,34.98,36.688
2019-09-08,32.83,36.922000000000004
2019-09-09,56.31,59.294000000000004
2019-09-10,64.48,71.963
2019-09-11,79.6,85.752
2019-09-12,57.83,58.84400000000001
2019-09-13,33.59,34.756
2019-09-14,26.65,29.834000000000003
2019-09-15,35.52,41.791
2019-09-16,56.6,56.662
2019-09-17,59.14,60.422000000000004
2019-09-18,35.41,37.025
2019-09-19,21.74,25.128
2019-09-20,40.33,38.118
2019-09-21,39.23,39.217
2019-09-22,26.51,28.648000000000003
2019-09-23,34.46,34.769999999999996
2019-09-24,35.88,39.417
2019-09-25,30.52,32.785000000000004
2019-09-26,22.9,26.439
2019-09-27,15.66,19.396
2019-09-28,22.52,25.287
2019-09-29,16.91,20.026
2019-09-30,29.42,29.925
2019-10-01,33.92,35.031
2019-10-02,40.16,41.837
2019-10-03,57.99,61.714
2019-10-04,43.07,43.588
2019-10-05,39.48,41.974000000000004
2019-10-06,58.75,60.470000000000006
2019-10-07,55.88,58.55499999999999
2019-10-08,44.85,46.443
2019-10-09,77.02,75.866
2019-10-10,100.82,101.652
2019-10-11,98.07,96.374
2019-10-12,103.45,101.374
2019-10-13,132.57,132.531
2019-10-14,116.33,115.25899999999999
2019-10-15,133.35,129.628
2019-10-16,146.37,135.698
2019-10-17,121.68,111.704
2019-10-18,90.41,84.72
2019-10-19,76.77,76.752
2019-10-20,98.05,90.14666666666666
2019-10-21,115.16,103.253
2019-10-22,93.51,89.822
2019-10-23,122.12,120.742
2019-10-24,173.56,164.68599999999998
2019-10-25,129.9,119.285
2019-10-26,148.73,137.756
2019-10-27,198.81,182.025
2019-10-28,301.39,298.68600000000004
2019-10-29,287.56,282.454
2019-10-30,279.32,264.665
2019-10-31,314.32,300.09000000000003
2019-11-01,388.45,370.303
2019-11-02,320.26,303.804
2019-11-03,582.28,520.0600000000001
2019-11-04,272.3,258.943
2019-11-05,190.41,190.21599999999998
2019-11-06,101.09,97.72999999999999
2019-11-07,182.47,171.958
2019-11-08,154.14,150.741
2019-11-09,140.8,131.466
2019-11-10,192.35,191.307
2019-11-11,252.48,232.346
2019-11-12,384.34,361.511
2019-11-13,383.36,360.565
2019-11-14,371.42,358.697
2019-11-15,423.52,383.142
2019-11-16,174.03,162.639
2019-11-17,96.34,90.639
2019-11-18,108.4,106.689
2019-11-19,126.92,124.73299999999999
2019-11-20,175.19,169.868
2019-11-21,217.7,219.92600000000002
2019-11-22,201.17,192.78
2019-11-23,130.41,122.39299999999999
2019-11-24,107.86,101.087
2019-11-25,122.37,117.457
2019-11-26,114.27,112.91400000000002
2019-11-27,65.7,69.51599999999999
2019-11-28,31.03,31.948
2019-11-29,53.79,51.892999999999994
2019-11-30,96.96,96.853
2019-12-01,123.66,121.76100000000001
2019-12-02,141.12,140.495
2019-12-03,140.07,137.877
2019-12-04,163.24,154.629
2019-12-05,271.99,264.685
2019-12-06,241.69,224.92800000000003
2019-12-07,233.79,221.929
2019-12-08,239.98,230.398
2019-12-09,200.33,187.31199999999998
2019-12-10,236.4,227.842
2019-12-11,299.85,278.485
2019-12-12,284.18,266.034
2019-12-13,94.62,88.19500000000001
2019-12-14,78.59,75.326
2019-12-15,94.67,88.107
2019-12-16,88.05,81.799
2019-12-17,93.07,85.714
2019-12-18,144.0,136.816
2019-12-19,261.16,247.63899999999998
2019-12-20,316.09,316.321
2019-12-21,249.87,246.10700000000003
2019-12-22,146.81,140.817
2019-12-23,171.47,160.807
2019-12-24,262.69,252.473
2019-12-25,166.71,157.911
2019-12-26,196.97,185.954
2019-12-27,240.07,230.997
2019-12-28,275.6,269.63800000000003
2019-12-29,326.79,314.491
2019-12-30,333.43,320.671
2019-12-31,245.53,225.94699999999997
2020-01-01,372.14,373.492
2020-01-02,327.04,331.18600000000004
2020-01-03,228.9,235.08199999999997
2020-01-04,220.6,215.942
2020-01-05,170.21,162.349
2020-01-06,159.64,149.83200000000002
2020-01-07,120.31,120.60499999999999
2020-01-08,117.98,110.056
2020-01-09,89.26,83.148
2020-01-10,130.82,122.93900000000001
2020-01-11,151.1,141.565
2020-01-12,207.23,200.166
2020-01-13,218.98,214.955
2020-01-14,115.62,112.77799999999999
2020-01-15,111.57,103.69000000000001
2020-01-16,139.06,131.289
2020-01-17,107.65,105.359
2020-01-18,125.3,123.38699999999999
2020-01-19,125.04,120.571
2020-01-20,142.18,140.31199999999998
2020-01-21,222.81,213.795
2020-01-22,198.88,202.30599999999998
2020-01-23,74.45,73.874
2020-01-24,79.83,79.03099999999999
2020-01-25,136.72,132.791
2020-01-26,201.2,205.93099999999998
2020-01-27,209.97,205.519
2020-01-28,104.45,96.17
2020-01-29,77.95,73.303
2020-01-30,91.56,84.313
2020-01-31,92.04,88.514
2020-02-01,112.13,107.958
2020-02-02,120.86,111.146
2020-02-03,138.5,133.337
2020-02-04,188.42,186.446
2020-02-05,150.08,143.50799999999998
2020-02-06,118.57,113.891
2020-02-07,150.15,149.305
2020-02-08,149.67,142.382
2020-02-09,151.43,145.345
2020-02-10,174.4,151.315
2020-02-11,176.57,171.08700000000002
2020-02-12,172.12,163.904
2020-02-13,95.72,91.537
2020-02-14,73.84,73.07300000000001
2020-02-15,83.07,81.50699999999999
2020-02-16,132.63,124.898
2020-02-17,158.69,163.847
2020-02-18,125.53,127.705
2020-02-19,138.46,144.654
2020-02-20,98.84,95.277
2020-02-21,53.11,55.529999999999994
2020-02-22,63.62,69.73400000000001
2020-02-23,105.71,113.263
2020-02-24,70.59,72.845
2020-02-25,127.75,129.177
2020-02-26,141.81,143.264
2020-02-27,107.28,106.55
2020-02-28,83.48,81.676
2020-02-29,60.01,61.397000000000006
2020-03-01,42.83,43.95
2020-03-02,99.34,101.783
2020-03-03,86.26,87.33
2020-03-04,82.9,83.694
2020-03-05,31.43,34.275
2020-03-06,21.32,22.994999999999997
2020-03-07,40.96,39.228
2020-03-08,72.1,75.00399999999999
2020-03-09,58.04,54.286
2020-03-10,84.35,91.791
2020-03-11,55.19,53.034000000000006
2020-03-12,56.92,60.95399999999999
2020-03-13,68.72,70.018
2020-03-14,39.41,39.554
2020-03-15,60.99,56.142999999999994
2020-03-16,61.61,59.263
2020-03-17,69.7,68.07222222222222
2020-03-18,68.93,68.345
2020-03-19,90.62,92.614
2020-03-20,90.31,95.90299999999999
2020-03-21,82.39,85.084
2020-03-22,78.61,74.53
2020-03-23,54.26,56.068000000000005
2020-03-24,55.85,61.291111111111114
2020-03-25,37.87,40.528888888888886
2020-03-26,45.69,44.42888888888889
2020-03-27,26.89,29.749000000000002
2020-03-28,21.23,25.015555555555554
2020-03-29,27.59,28.05777777777778
2020-03-30,35.08,31.307777777777776
2020-03-31,35.31,30.82
2020-04-01,32.88,30.566000000000003
2020-04-02,28.51,28.592000000000002
2020-04-03,31.36,30.463
2020-04-04,40.79,36.02111111111111
2020-04-05,51.79,42.14333333333334
2020-04-06,59.91,56.79777777777778
2020-04-07,33.12,31.38125
2020-04-08,29.7,27.0575
2020-04-09,36.13,32.18111111111111
2020-04-10,57.67,49.68111111111111
2020-04-11,53.03,45.53666666666666
2020-04-12,38.57,35.28111111111111
2020-04-13,60.6,53.8688888888889
2020-04-14,58.22,50.07333333333333
2020-04-15,58.31,57.18111111111111
2020-04-16,69.8,72.95111111111112
2020-04-17,26.93,29.39125
2020-04-18,29.09,33.84888888888889
2020-04-19,35.49,43.577
2020-04-20,52.86,62.122
2020-04-21,37.17,42.952
2020-04-22,58.25,58.098
2020-04-23,54.71,61.088
2020-04-24,65.91,68.533
2020-04-25,33.09,46.991
2020-04-26,40.24,40.738
2020-04-27,27.18,37.054
2020-04-28,41.75,42.974000000000004
2020-04-29,55.18,48.931
2020-04-30,49.96,47.278999999999996
2020-05-01,61.04,58.10222222222223
2020-05-02,34.67,33.27333333333333
2020-05-03,32.56,32.02375
2020-05-04,26.63,27.305
2020-05-05,56.24,53.0925
2020-05-06,58.44,62.015
2020-05-07,36.02,40.25333333333333
2020-05-08,51.09,56.23111111111111
2020-05-09,54.18,50.5
2020-05-10,44.3,43.7275
2020-05-11,43.26,39.904444444444444
2020-05-12,43.19,43.13111111111111
2020-05-13,68.8,67.80000000000001
2020-05-14,56.17,57.02444444444445
2020-05-15,47.44,50.31
2020-05-16,81.87,85.31500000000001
2020-05-17,98.63,110.53
2020-05-18,101.02,98.99
2020-05-19,106.63,116.253
2020-05-20,67.8,64.998
2020-05-21,55.92,64.801
2020-05-22,94.37,105.196
2020-05-23,74.92,87.524
2020-05-24,55.37,65.673
2020-05-25,61.46,67.37100000000001
2020-05-26,55.38,58.565
2020-05-27,43.22,49.519
2020-05-28,39.07,48.102
2020-05-29,24.62,27.23
2020-05-30,23.09,25.386000000000003
2020-05-31,21.51,23.919999999999998
2020-06-01,41.05,43.866
2020-06-02,45.9,48.437
2020-06-03,50.62,57.912
2020-06-04,68.24,73.00699999999999
2020-06-05,42.43,46.624
2020-06-06,35.14,39.019
2020-06-07,39.99,43.602999999999994
2020-06-08,46.9,53.903999999999996
2020-06-09,64.77,71.599
2020-06-10,58.9,69.277
2020-06-11,54.69,62.355
2020-06-12,64.0,66.44800000000001
2020-06-13,52.36,53.411
2020-06-14,71.08,74.30600000000001
2020-06-15,48.69,48.527
2020-06-16,39.87,40.961
2020-06-17,34.35,35.817
2020-06-18,36.84,38.851
2020-06-19,57.6,66.619
2020-06-20,35.96,41.766000000000005
2020-06-21,39.7,42.065000000000005
2020-06-22,39.47,39.717
2020-06-23,29.02,29.829
2020-06-24,30.91,31.936
2020-06-25,38.37,44.314
2020-06-26,50.01,56.105999999999995
2020-06-27,39.8,46.681
2020-06-28,59.52,78.739
2020-06-29,44.86,55.882000000000005
2020-06-30,39.8,41.756
2020-07-01,54.01,60.138
