date,pm25_city,predicted,excess,fire_count,nw_wind_share,mixing_height_m
2015-10-01,85.7,120.00750441186085,-34.30750441186085,91.0,1.0,1037.0
2015-10-02,97.62,118.00745755120681,-20.387457551206808,148.0,1.0,1371.0
2015-10-03,103.58,119.90334111092011,-16.32334111092011,207.0,0.7083333333333334,1487.0
2015-10-04,145.97,124.10278290518667,21.867217094813327,397.0,0.1666666666666666,1486.0
2015-10-05,180.52,119.03581804049936,61.484181959500646,224.0,0.2916666666666667,1357.0
2015-10-06,151.57,98.88120767564482,52.68879232435518,149.0,0.875,1936.0
2015-10-07,144.04,92.85332367613574,51.18667632386425,209.0,0.6666666666666666,1725.0
2015-10-08,148.44,89.02176553442423,59.418234465575765,392.0,0.9583333333333334,1860.0
2015-10-09,130.22,100.04869748941897,30.17130251058103,520.0,0.875,2128.0
2015-10-10,147.71,92.22835551468002,55.48164448531999,520.0,0.7083333333333334,2001.0
2015-10-11,111.34,91.62851518768547,19.711484812314538,348.0,0.625,1462.0
2015-10-12,100.7,75.46017689404042,25.239823105959587,264.0,0.2083333333333333,1613.0
2015-10-13,97.67,62.309294881516735,35.36070511848327,284.0,0.0,1270.0
2015-10-14,75.81,69.17847752838027,6.631522471619732,244.0,0.0416666666666666,1202.0
2015-10-15,95.24,80.02354900446775,15.216450995532242,592.0,0.0833333333333333,1455.0
2015-10-16,148.29,74.38503381018722,73.90496618981277,511.0,0.1666666666666666,1649.0
2015-10-17,90.66,86.43531926825817,4.224680731741827,580.0,0.25,1755.0
2015-10-18,156.71,96.77251752503518,59.937482474964824,766.0,0.2083333333333333,1605.0
2015-10-19,170.28,90.34002576668236,79.93997423331764,418.0,0.375,1785.0
2015-10-20,198.1,86.76957063641578,111.33042936358422,1222.0,0.8333333333333334,2217.0
2015-10-21,158.04,86.07444413681964,71.96555586318036,792.0,0.7916666666666666,1876.0
2015-10-22,116.98,100.41312456905293,16.56687543094708,1088.0,1.0,1665.0
2015-10-23,143.73,118.63914555785585,25.090854442144135,1256.0,0.8333333333333334,1594.0
2015-10-24,169.22,108.47847496398188,60.74152503601812,1619.0,0.4583333333333333,1552.0
2015-10-25,147.65,88.66257857522817,58.98742142477184,854.0,0.0,1341.0
2015-10-26,101.61,81.33177480184172,20.27822519815828,73.0,0.0,1398.0
2015-10-27,113.2,106.53218503339284,6.6678149666071675,592.0,0.8333333333333334,1313.0
2015-10-28,112.89,165.47165945985452,-52.58165945985452,1049.0,0.375,573.0
2015-10-29,95.72,116.5263937748738,-20.806393774873797,1755.0,0.4166666666666667,1464.0
2015-10-30,108.4,116.05407550303205,-7.654075503032047,3224.0,0.0833333333333333,1510.0
2015-10-31,245.97,150.38442099347202,95.58557900652798,3912.0,0.375,1508.0
2015-11-01,277.53,143.71744514392896,133.81255485607102,2898.0,0.0,1352.0
2015-11-02,232.4,132.55611070512674,99.84388929487326,1785.0,0.3333333333333333,1482.0
2015-11-03,244.78,115.46461697265127,129.31538302734873,4901.0,0.5,1360.0
2015-11-04,293.49,133.38069300471466,160.10930699528535,4507.0,0.125,1242.0
2015-11-05,161.78,150.28565650688245,11.494343493117555,2226.0,0.0,681.0
2015-11-06,153.33,123.30195440912986,30.02804559087015,2164.0,0.0416666666666666,1117.0
2015-11-07,353.86,138.38993271222452,215.4700672877755,1586.0,0.25,1172.0
2015-11-08,217.55,106.05195696589982,111.49804303410019,3254.0,0.0,1324.0
2015-11-09,201.44,106.72408652598523,94.71591347401477,2538.0,0.0,1378.0
2015-11-10,249.95,127.09711977550013,122.85288022449986,5125.0,0.375,1086.0
2015-11-11,219.68,102.36568331148943,117.31431668851057,3628.0,1.0,1279.0
2015-11-12,258.48,110.9711285304802,147.50887146951982,2017.0,1.0,1118.0
2015-11-13,291.66,130.458065964692,161.20193403530803,1495.0,1.0,1114.0
2015-11-14,221.68,108.93308223430469,112.74691776569531,1766.0,1.0,1204.0
2015-11-15,214.24,156.12696319999523,58.11303680000478,1568.0,0.875,1005.0
2015-11-16,184.02,86.91143693272782,97.10856306727219,1366.0,0.9166666666666666,1425.0
2015-11-17,136.22,124.08873268045713,12.131267319542872,727.0,1.0,1189.0
2015-11-18,188.09,193.9972596389803,-5.9072596389802925,573.0,1.0,969.0
2015-11-19,238.69,233.2501984882044,5.439801511795594,499.0,0.9166666666666666,938.0
2015-11-20,271.42,203.85364951145118,67.56635048854884,443.0,0.7083333333333334,939.0
2015-11-21,293.73,197.3855978521654,96.34440214783461,393.0,1.0,858.0
2015-11-22,247.27,220.40138901035743,26.868610989642576,225.0,0.9583333333333334,806.0
2015-11-23,266.95,224.04785298002417,42.902147019975814,45.0,1.0,848.0
2015-11-24,241.61,168.89006422611678,72.71993577388324,153.0,1.0,865.0
2015-11-25,149.14,140.97120470717005,8.168795292829941,96.0,1.0,900.0
2015-11-26,182.5,227.8680107379417,-45.36801073794169,80.0,0.2083333333333333,586.0
2015-11-27,193.58,126.32911925722574,67.25088074277427,38.0,0.25,984.0
2015-11-28,172.89,98.30035354268135,74.58964645731864,7.0,0.0416666666666666,1467.0
2015-11-29,190.46,160.95489846462266,29.50510153537735,13.0,0.25,991.0
2015-11-30,282.76,135.0906835546824,147.66931644531758,16.0,0.4583333333333333,1016.0
2015-12-01,183.28,139.7349236944712,43.545076305528795,13.0,0.2083333333333333,899.0
2015-12-02,170.74,122.70168776139077,48.03831223860924,11.0,1.0,1199.0
2015-12-03,190.14,148.65442733407022,41.485572665929766,8.0,1.0,957.0
2015-12-04,186.64,154.6087188062809,32.03128119371908,10.0,1.0,828.0
2015-12-05,282.01,248.8957359859145,33.11426401408548,8.0,0.875,823.0
2015-12-06,218.22,216.60368219752417,1.6163178024758338,9.0,0.25,919.0
2015-12-07,249.8,192.974439250632,56.82556074936801,8.0,0.0,876.0
2015-12-08,283.59,204.05261297602084,79.53738702397914,0.0,0.3333333333333333,870.0
2015-12-09,250.69,188.94294763521486,61.747052364785134,2.0,0.0,603.0
2015-12-10,211.95,163.90876557189128,48.04123442810871,5.0,0.0,805.0
2015-12-11,198.38,127.29570894197197,71.08429105802803,12.0,0.9166666666666666,1401.0
2015-12-12,184.12,123.51723880065902,60.60276119934099,24.0,1.0,1337.0
2015-12-13,135.42,138.90011007647215,-3.480110076472158,27.0,1.0,1335.0
2015-12-14,118.6,146.35008131899875,-27.750081318998753,13.0,1.0,1211.0
2015-12-15,88.3,165.02029267448822,-76.72029267448822,19.0,1.0,1023.0
2016-10-01,117.28,94.08330149857883,23.196698501421167,137.0,0.0,1129.0
2016-10-02,81.87,85.28839529150275,-3.4183952915027476,67.0,0.0,1143.0
2016-10-03,103.12,79.68682087152135,23.433179128478656,44.0,0.0833333333333333,1205.0
2016-10-04,159.8,95.59275434696346,64.20724565303655,42.0,0.2083333333333333,1114.0
2016-10-05,81.71,102.19605338891503,-20.48605338891504,102.0,0.2916666666666667,801.0
2016-10-06,117.86,109.69025838540347,8.169741614596532,237.0,0.25,1046.0
2016-10-07,114.06,100.94898964842068,13.111010351579324,281.0,0.625,1582.0
2016-10-08,132.11,104.13040316023664,27.979596839763374,143.0,0.6666666666666666,1642.0
2016-10-09,144.47,120.44825393537938,24.021746064620615,374.0,0.25,1492.0
2016-10-10,125.8,96.66461788156754,29.13538211843246,551.0,0.6666666666666666,1532.0
2016-10-11,134.84,99.43386649265236,35.40613350734765,824.0,0.875,1941.0
2016-10-12,114.3,121.05514498020109,-6.755144980201095,699.0,0.8333333333333334,1858.0
2016-10-13,86.93,129.94575260373705,-43.01575260373704,645.0,0.75,1950.0
2016-10-14,94.83,151.38105903980008,-56.55105903980008,923.0,0.75,1485.0
2016-10-15,144.98,139.11231042000003,5.867689579999961,1060.0,0.7916666666666666,1535.0
2016-10-16,132.01,132.612668711442,-0.6026687114420213,1378.0,0.7083333333333334,1760.0
2016-10-17,149.35,118.40596719399167,30.944032806008323,1549.0,0.6666666666666666,2002.0
2016-10-18,161.49,146.16019870688422,15.329801293115793,1132.0,0.75,1481.0
2016-10-19,140.57,149.39327466820606,-8.823274668206068,1332.0,0.7083333333333334,1574.0
2016-10-20,135.9,128.02486325079755,7.875136749202454,1223.0,0.5416666666666666,1583.0
2016-10-21,161.11,95.08107394044242,66.02892605955759,1567.0,0.875,2011.0
2016-10-22,140.92,91.05364699098966,49.866353009010325,2444.0,1.0,2086.0
2016-10-23,182.14,101.18805076061095,80.95194923938904,1860.0,1.0,1805.0
2016-10-24,164.51,105.87464692270827,58.635353077291725,1224.0,0.8333333333333334,1890.0
2016-10-25,115.76,99.33560738552217,16.42439261447784,1941.0,0.7916666666666666,2086.0
2016-10-26,209.27,154.74193848292649,54.528061517073525,2461.0,0.625,1845.0
2016-10-27,296.27,154.7699064518476,141.5000935481524,2793.0,1.0,1401.0
2016-10-28,318.57,155.7866448489647,162.7833551510353,2572.0,0.7916666666666666,1256.0
2016-10-29,350.39,149.82646425105747,200.5635357489425,2032.0,0.0416666666666666,1414.0
2016-10-30,355.77,145.33570619239183,210.43429380760816,1431.0,0.0,1391.0
2016-10-31,434.92,149.9331957189505,284.98680428104956,5488.0,0.1666666666666666,1367.0
2016-11-01,394.59,168.0782628172525,226.51173718274748,5278.0,0.875,1205.0
2016-11-02,537.96,174.26545668490812,363.6945433150919,3276.0,0.7916666666666666,1338.0
2016-11-03,482.4,201.1845332644901,281.21546673550984,3864.0,0.875,1118.0
2016-11-04,342.45,168.37251800963062,174.07748199036936,3247.0,0.9166666666666666,1485.0
2016-11-05,588.39,146.02784531205893,442.36215468794103,4261.0,1.0,1272.0
2016-11-06,685.36,173.288523297962,512.071476702038,6183.0,0.7916666666666666,1063.0
2016-11-07,488.57,123.34236738615893,365.2276326138411,8211.0,0.9166666666666666,1445.0
2016-11-08,338.38,103.09679850868733,235.28320149131267,3598.0,1.0,1176.0
2016-11-09,307.08,168.38348436695568,138.6965156330443,3551.0,1.0,877.0
2016-11-10,291.71,228.68605151842348,63.0239484815765,2871.0,0.4583333333333333,865.0
2016-11-11,295.88,217.7347263245657,78.14527367543428,3890.0,0.0,879.0
2016-11-12,277.67,155.36813747993946,122.30186252006055,1896.0,0.0,1223.0
2016-11-13,228.16,201.6676965774345,26.4923034225655,941.0,0.0,716.0
2016-11-14,194.2,143.00278321765225,51.19721678234774,633.0,0.4166666666666667,1548.0
2016-11-15,236.09,118.06549095765993,118.02450904234007,867.0,1.0,1802.0
2016-11-16,291.98,158.9281940229287,133.05180597707133,885.0,1.0,1116.0
2016-11-17,351.47,155.6598332129615,195.81016678703853,861.0,1.0,900.0
2016-11-18,237.21,153.13846508440884,84.07153491559117,542.0,0.9583333333333334,930.0
2016-11-19,285.71,199.96526741512733,85.74473258487265,262.0,0.5833333333333334,845.0
2016-11-20,323.74,244.1376146508095,79.60238534919051,332.0,0.0,781.0
2016-11-21,340.61,228.45699307640504,112.15300692359497,187.0,0.5,967.0
2016-11-22,281.76,162.59512817838714,119.16487182161285,171.0,1.0,1030.0
2016-11-23,174.56,157.53510090885123,17.024899091148768,111.0,1.0,820.0
2016-11-24,216.1,164.5121223497227,51.587877650277306,59.0,1.0,989.0
2016-11-25,136.21,110.07165932315196,26.138340676848046,62.0,1.0,820.0
2016-11-26,113.3,100.80530086363208,12.494699136367913,48.0,1.0,811.0
2016-11-27,128.7,113.02885327448232,15.671146725517673,46.0,1.0,926.0
2016-11-28,127.5,121.37638969244848,6.123610307551516,30.0,1.0,800.0
2016-11-29,236.58,253.2658596835869,-16.685859683586898,38.0,0.5416666666666666,687.0
2016-11-30,246.25,232.84402047981342,13.405979520186577,20.0,0.0,870.0
2016-12-01,263.61,198.6863438690839,64.9236561309161,12.0,0.25,1100.0
2016-12-02,263.25,199.6710444149573,63.578955585042706,25.0,1.0,959.0
2016-12-03,196.6,212.97030051447058,-16.370300514470586,31.0,0.9166666666666666,863.0
2016-12-04,223.3,221.0729904972758,2.2270095027242007,63.0,1.0,888.0
2016-12-05,204.6,211.53078875919346,-6.930788759193462,27.0,0.875,842.0
2016-12-06,293.91,236.20284836216493,57.707151637835096,30.0,0.6666666666666666,748.0
2016-12-07,283.61,312.7177808834677,-29.107780883467683,16.0,0.7083333333333334,749.0
2016-12-08,238.21,328.09642914279834,-89.88642914279833,17.0,0.25,711.0
2016-12-09,295.62,326.69027179806017,-31.070271798060162,37.0,0.2916666666666667,684.0
2016-12-10,189.09,236.12688519461193,-47.036885194611926,1.0,0.0,652.0
2016-12-11,199.12,255.5241988947658,-56.404198894765784,16.0,0.5416666666666666,534.0
2016-12-12,210.28,158.41158289451354,51.86841710548646,9.0,1.0,1247.0
2016-12-13,209.91,188.78375794861853,21.126242051381467,24.0,1.0,821.0
2016-12-14,154.55,168.7901162909667,-14.240116290966682,27.0,1.0,831.0
2016-12-15,167.64,183.66725492202258,-16.027254922022593,20.0,1.0,983.0
2017-10-01,68.47,122.12021298728243,-53.65021298728243,64.0,0.2083333333333333,1065.0
2017-10-02,63.41,120.05744973624321,-56.64744973624322,66.0,0.4583333333333333,791.0
2017-10-03,69.45,121.30058328001495,-51.850583280014945,94.0,0.2916666666666667,990.0
2017-10-04,76.81,109.15913453509587,-32.34913453509587,120.0,0.4166666666666667,1090.0
2017-10-05,75.73,117.07427157454572,-41.344271574545715,145.0,0.5,1192.0
2017-10-06,79.81,111.55756515140682,-31.747565151406818,146.0,0.875,1201.0
2017-10-07,70.98,101.68985203739011,-30.709852037390107,176.0,0.625,1227.0
2017-10-08,102.2,117.25361313996075,-15.053613139960746,336.0,0.0833333333333333,1075.0
2017-10-09,107.63,114.58196340027213,-6.951963400272135,281.0,0.0,964.0
2017-10-10,105.88,105.76078251967267,0.11921748032732182,288.0,0.0,1231.0
2017-10-11,104.45,99.74651611637348,4.703483883626518,166.0,0.0,1370.0
2017-10-12,106.85,110.18639110956639,-3.3363911095663923,441.0,0.5833333333333334,1778.0
2017-10-13,137.42,85.41074749449169,52.0092525055083,437.0,0.4583333333333333,1779.0
2017-10-14,147.07,119.7072152080721,27.362784791927893,717.0,0.4583333333333333,1075.0
2017-10-15,147.83,147.67124017628808,0.1587598237119323,898.0,0.4583333333333333,756.0
2017-10-16,152.61,139.64021571103703,12.969784288962984,523.0,0.4166666666666667,729.0
2017-10-17,121.7,118.28792098747167,3.412079012528338,887.0,0.5833333333333334,1134.0
2017-10-18,152.16,146.24014999560512,5.919850004394874,905.0,0.6666666666666666,1027.0
2017-10-19,176.17,124.95528688623304,51.21471311376695,1586.0,0.0,1178.0
2017-10-20,426.52,108.70220861736871,317.8177913826313,1989.0,0.3333333333333333,1321.0
2017-10-21,213.12,103.75860083653436,109.36139916346565,1198.0,0.5833333333333334,1764.0
2017-10-22,146.01,99.35679418026623,46.653205819733756,1005.0,0.0833333333333333,1792.0
2017-10-23,163.35,92.10824854791454,71.24175145208545,1062.0,0.2916666666666667,1996.0
2017-10-24,188.24,101.14603068524,87.09396931476,1510.0,0.8333333333333334,1875.0
2017-10-25,203.03,113.4074863270714,89.6225136729286,1821.0,0.5,1447.0
2017-10-26,178.91,104.14474356758804,74.76525643241196,1576.0,0.0416666666666666,1688.0
2017-10-27,167.54,117.48091354360628,50.059086456393715,1355.0,0.0,1246.0
2017-10-28,198.37,104.1252625495179,94.2447374504821,2625.0,0.0833333333333333,1087.0
2017-10-29,187.82,94.8246059922284,92.9953940077716,3243.0,0.0833333333333333,1522.0
2017-10-30,196.37,115.78676148724696,80.58323851275304,3448.0,0.375,1293.0
2017-10-31,211.64,112.93649566634646,98.70350433365353,3335.0,0.2083333333333333,1398.0
2017-11-01,179.17,101.38339161545802,77.78660838454196,2609.0,0.0,1239.0
2017-11-02,160.69,105.57946153439308,55.11053846560692,1338.0,0.125,1211.0
2017-11-03,168.16,107.14103608939128,61.01896391060872,1925.0,0.0,1320.0
2017-11-04,190.33,132.12360337268697,58.20639662731304,5163.0,0.0,1254.0
2017-11-05,209.61,119.38899043165402,90.22100956834599,2496.0,0.0833333333333333,1556.0
2017-11-06,216.53,118.43614024229642,98.09385975770358,192.0,0.5,1552.0
2017-11-07,517.93,113.25647106554429,404.67352893445565,434.0,0.7083333333333334,1477.0
2017-11-08,639.19,132.14481017712603,507.045189822874,2377.0,0.6666666666666666,1336.0
2017-11-09,495.9,146.5399504349812,349.3600495650188,952.0,0.5,1308.0
2017-11-10,370.73,147.8786074062806,222.85139259371942,1937.0,0.5,1356.0
2017-11-11,363.77,150.0559990338446,213.71400096615537,118.0,0.4583333333333333,1145.0
2017-11-12,465.08,131.89265915504976,333.1873408449502,22.0,0.75,1328.0
2017-11-13,354.56,126.66393803892886,227.89606196107115,248.0,0.1666666666666666,1159.0
2017-11-14,254.36,91.44477621122347,162.91522378877653,1005.0,0.0,1656.0
2017-11-15,192.04,99.36463539993633,92.67536460006366,43.0,0.0,1350.0
2017-11-16,191.57,115.21095444714751,76.35904555285248,21.0,0.1666666666666666,1199.0
2017-11-17,150.79,108.2391063998248,42.550893600175186,171.0,0.7916666666666666,943.0
2017-11-18,143.51,95.45573088977285,48.05426911022714,2170.0,1.0,839.0
2017-11-19,128.65,93.4502251750306,35.19977482496941,2118.0,1.0,877.0
2017-11-20,171.34,107.09151460920279,64.24848539079721,2163.0,1.0,1179.0
2017-11-21,178.08,128.74986195132323,49.33013804867679,1827.0,0.7916666666666666,1259.0
2017-11-22,177.41,132.0199272048805,45.390072795119494,812.0,0.9583333333333334,1218.0
2017-11-23,175.56,143.98388514814525,31.576114851854754,858.0,1.0,992.0
2017-11-24,187.97,173.62988534679351,14.340114653206484,608.0,1.0,800.0
2017-11-25,185.31,177.6073314426232,7.702668557376796,541.0,0.8333333333333334,686.0
2017-11-26,224.37,189.43436059545283,34.935639404547175,423.0,0.7916666666666666,833.0
2017-11-27,198.34,155.3251969834672,43.014803016532795,210.0,0.8333333333333334,877.0
2017-11-28,167.74,181.1996926853858,-13.45969268538579,136.0,0.4166666666666667,984.0
2017-11-29,215.17,216.92490923881962,-1.7549092388196357,154.0,0.0,826.0
2017-11-30,219.84,214.28316245944674,5.556837540553261,119.0,0.9166666666666666,1010.0
2017-12-01,190.45,197.37393349791492,-6.9239334979149305,109.0,0.7916666666666666,970.0
2017-12-02,208.87,193.80288897089437,15.067111029105632,76.0,0.25,1150.0
2017-12-03,240.87,198.58492316017248,42.285076839827525,15.0,0.6666666666666666,998.0
2017-12-04,261.82,190.66480013043525,71.15519986956474,6.0,0.875,967.0
2017-12-05,230.56,182.15602618704193,48.40397381295807,2.0,0.7916666666666666,647.0
2017-12-06,120.91,127.95839455098051,-7.048394550980518,28.0,0.8333333333333334,623.0
2017-12-07,88.95,128.76895296331776,-39.818952963317756,87.0,1.0,680.0
2017-12-08,115.08,169.86607779427672,-54.78607779427672,49.0,0.9166666666666666,659.0
2017-12-09,165.76,202.28405102772996,-36.52405102772997,55.0,0.5833333333333334,649.0
2017-12-10,230.34,249.97963682218654,-19.63963682218653,34.0,0.3333333333333333,692.0
2017-12-11,218.87,204.5736337541226,14.296366245877408,1.0,0.125,716.0
2017-12-12,109.18,109.1209511570366,0.0590488429634064,0.0,0.3333333333333333,847.0
2017-12-13,134.99,147.7762034470532,-12.786203447053197,0.0,1.0,853.0
2017-12-14,126.67,186.79956216328287,-60.12956216328287,1.0,1.0,723.0
2017-12-15,127.57,172.21104807198404,-44.641048071984045,2.0,1.0,627.0
2018-10-01,65.78,91.25892577400401,-25.47892577400401,23.0,0.75,1100.0
2018-10-02,76.03,110.0544224829573,-34.024422482957306,32.0,0.6666666666666666,988.0
2018-10-03,63.37,136.6262434687439,-73.25624346874389,8.0,0.3333333333333333,744.0
2018-10-04,97.4,143.16757110465818,-45.767571104658174,44.0,0.2916666666666667,739.0
2018-10-05,121.12,129.4119559312851,-8.291955931285088,70.0,0.5,925.0
2018-10-06,78.87,110.84452615539561,-31.97452615539561,148.0,0.9166666666666666,867.0
2018-10-07,81.14,121.18312640970271,-40.04312640970271,270.0,0.7083333333333334,892.0
2018-10-08,118.6,121.7788882819319,-3.178888281931904,74.0,0.2083333333333333,1010.0
2018-10-09,103.26,103.2196250430138,0.04037495698619864,91.0,0.0,860.0
2018-10-10,93.36,99.2822325584306,-5.9222325584305935,53.0,0.0,908.0
2018-10-11,70.42,107.05073951178035,-36.63073951178035,103.0,0.0,652.0
2018-10-12,67.93,86.4272865485558,-18.497286548555792,188.0,0.25,1823.0
2018-10-13,132.93,87.9744094372614,44.95559056273861,201.0,0.9166666666666666,1549.0
2018-10-14,91.88,107.23258099621361,-15.352580996213618,200.0,0.625,1305.0
2018-10-15,115.96,122.3717406992626,-6.411740699262609,190.0,0.5,1139.0
2018-10-16,139.18,139.54126085165677,-0.36126085165676614,269.0,0.0,749.0
2018-10-17,137.29,110.98430145643681,26.30569854356318,500.0,0.0416666666666666,1393.0
2018-10-18,143.2,110.83607555096964,32.36392444903035,510.0,0.0416666666666666,1152.0
2018-10-19,137.73,81.99781531174905,55.73218468825094,435.0,0.6666666666666666,1982.0
2018-10-20,168.87,100.370532884617,68.499467115383,634.0,0.5,1211.0
2018-10-21,141.15,79.82196253429746,61.32803746570255,817.0,0.9166666666666666,1355.0
2018-10-22,121.65,87.72564393641183,33.92435606358818,729.0,0.75,2089.0
2018-10-23,119.4,92.53738406521897,26.862615934781033,986.0,0.4583333333333333,2092.0
2018-10-24,174.04,126.18195053937563,47.85804946062436,930.0,0.0416666666666666,1361.0
2018-10-25,168.82,162.82706483076726,5.992935169232737,1087.0,0.0,819.0
2018-10-26,203.12,154.2459947694832,48.874005230516815,1440.0,0.4166666666666667,909.0
2018-10-27,206.05,105.23324452466441,100.8167554753356,2058.0,0.7083333333333334,1825.0
2018-10-28,205.0,121.67557073930513,83.32442926069487,3009.0,0.9166666666666666,1562.0
2018-10-29,231.83,131.4154201315789,100.4145798684211,1406.0,0.9583333333333334,1337.0
2018-10-30,263.39,115.27801004087739,148.11198995912258,1441.0,0.3333333333333333,1509.0
2018-10-31,225.17,129.00905012801311,96.16094987198687,2942.0,0.2916666666666667,1475.0
2018-11-01,236.67,115.00684898009912,121.66315101990087,3721.0,0.0416666666666666,1649.0
2018-11-02,205.44,111.56695331708357,93.87304668291642,3828.0,0.0,1192.0
2018-11-03,159.56,90.06543278899073,69.49456721100927,1191.0,0.0,774.0
2018-11-04,97.27,59.16477285941607,38.10522714058393,981.0,0.4583333333333333,1837.0
2018-11-05,361.98,81.8147574131894,280.1652425868106,3207.0,1.0,1484.0
2018-11-06,177.88,82.15429660570763,95.72570339429237,3356.0,1.0,1379.0
2018-11-07,175.43,137.44273435082783,37.98726564917217,4134.0,0.75,1048.0
2018-11-08,420.3,178.36208680408308,241.93791319591693,4651.0,0.4166666666666667,1099.0
2018-11-09,300.91,172.76731782777688,128.14268217222315,2166.0,0.4583333333333333,1141.0
2018-11-10,288.86,142.22487419590576,146.63512580409426,1762.0,0.1666666666666666,1322.0
2018-11-11,256.68,144.8900368682846,111.78996313171541,1569.0,0.125,1271.0
2018-11-12,271.7,169.29104277080137,102.40895722919862,1414.0,0.0,900.0
2018-11-13,265.06,128.02456150394102,137.035438496059,1697.0,0.0416666666666666,972.0
2018-11-14,136.2,100.6225472097861,35.57745279021388,949.0,0.0416666666666666,1251.0
2018-11-15,98.53,85.92940984080316,12.600590159196841,1626.0,0.5416666666666666,1271.0
2018-11-16,138.49,85.83933081214602,52.65066918785399,1504.0,0.9583333333333334,1225.0
2018-11-17,135.21,110.55376925624789,24.65623074375212,1154.0,0.8333333333333334,1273.0
2018-11-18,166.43,147.4304900273703,18.99950997262971,1635.0,0.0416666666666666,974.0
2018-11-19,179.79,116.19333022502536,63.59666977497463,880.0,0.0,832.0
2018-11-20,224.1,122.77328475150384,101.32671524849616,367.0,0.6666666666666666,1179.0
2018-11-21,209.96,120.15325515553776,89.80674484446224,591.0,0.625,1251.0
2018-11-22,139.02,175.30594769988429,-36.285947699884275,407.0,0.5833333333333334,1076.0
2018-11-23,187.85,100.74888710520938,87.10111289479062,469.0,1.0,1272.0
2018-11-24,107.73,88.79798482379158,18.932015176208424,262.0,0.8333333333333334,1032.0
2018-11-25,133.62,160.4795236209129,-26.85952362091288,138.0,0.9166666666666666,852.0
2018-11-26,200.69,212.27863445303078,-11.588634453030778,91.0,0.9166666666666666,820.0
2018-11-27,205.53,176.37117837616802,29.158821623831983,3.0,0.0833333333333333,906.0
2018-11-28,193.1,152.58705603039036,40.51294396960964,82.0,0.0833333333333333,1174.0
2018-11-29,205.17,165.86398456502238,39.30601543497761,54.0,0.7916666666666666,1094.0
2018-11-30,190.36,147.9807230617789,42.379276938221125,60.0,0.875,1071.0
2018-12-01,147.48,152.9495197608082,-5.469519760808197,21.0,0.5,1116.0
2018-12-02,164.63,168.72261396553853,-4.092613965538533,29.0,0.2916666666666667,1293.0
2018-12-03,178.87,208.19726586995756,-29.327265869957557,32.0,0.75,1045.0
2018-12-04,211.57,165.97219431761977,45.597805682380226,22.0,0.5833333333333334,1099.0
2018-12-05,181.62,181.63151479095345,-0.011514790953441434,33.0,0.75,1249.0
2018-12-06,218.06,150.3970494897701,67.6629505102299,27.0,0.5416666666666666,1513.0
2018-12-07,193.81,156.41255095245185,37.39744904754815,19.0,0.875,1308.0
2018-12-08,202.83,171.01967108527893,31.810328914721083,19.0,0.5,1210.0
2018-12-09,226.35,164.8914165797067,61.45858342029328,33.0,0.625,1152.0
2018-12-10,264.63,156.67796827062074,107.95203172937926,19.0,0.0,1257.0
2018-12-11,274.97,164.5735651777149,110.39643482228513,11.0,0.0,1229.0
2018-12-12,209.63,131.9409013843969,77.68909861560309,0.0,0.0833333333333333,1217.0
2018-12-13,94.29,136.7116760428427,-42.42167604284269,11.0,0.8333333333333334,1055.0
2018-12-14,113.42,123.2389405166167,-9.818940516616692,23.0,1.0,1223.0
2018-12-15,122.69,138.40509800058558,-15.715098000585584,36.0,1.0,916.0
2019-10-01,33.92,66.11350636942488,-32.19350636942488,2.0,0.0,633.0
2019-10-02,40.16,74.35586602799334,-34.19586602799335,29.0,0.0416666666666666,958.0
2019-10-03,57.99,103.93627642296684,-45.94627642296684,46.0,0.125,699.0
2019-10-04,43.07,65.8051240233601,-22.735124023360093,36.0,0.7083333333333334,806.0
2019-10-05,39.48,58.531350180340944,-19.051350180340947,48.0,1.0,1199.0
2019-10-06,58.75,78.7674063335251,-20.017406333525102,23.0,0.8333333333333334,1140.0
2019-10-07,55.88,55.3841924258918,0.49580757410820553,45.0,1.0,1363.0
2019-10-08,44.85,65.25646047101912,-20.406460471019123,136.0,0.7916666666666666,1343.0
2019-10-09,77.02,97.36479242705462,-20.344792427054628,165.0,0.0833333333333333,1119.0
2019-10-10,100.82,86.23154132065027,14.588458679349728,279.0,0.1666666666666666,1390.0
2019-10-11,98.07,81.51985016403088,16.55014983596911,204.0,0.75,1580.0
2019-10-12,103.45,73.82156499846975,29.62843500153025,177.0,0.5833333333333334,1548.0
2019-10-13,132.57,76.86525219195818,55.704747808041816,262.0,0.5,1571.0
2019-10-14,116.33,79.93366748910398,36.396332510896016,268.0,0.375,1428.0
2019-10-15,133.35,83.5970948329379,49.752905167062096,469.0,0.1666666666666666,1315.0
2019-10-16,146.37,76.4867956112755,69.88320438872451,315.0,0.0,1473.0
2019-10-17,121.68,79.42087387629242,42.25912612370759,242.0,0.0,1288.0
2019-10-18,90.41,74.65635234718191,15.753647652818088,148.0,0.125,1159.0
2019-10-19,76.77,112.62767331391348,-35.85767331391348,563.0,0.0833333333333333,726.0
2019-10-20,98.05,64.05779978456378,33.99220021543621,869.0,1.0,1814.0
2019-10-21,115.16,62.86710317558874,52.29289682441126,947.0,1.0,1589.0
2019-10-22,93.51,73.26940245797884,20.240597542021163,670.0,0.8333333333333334,1596.0
2019-10-23,122.12,86.01197119447909,36.10802880552092,906.0,0.8333333333333334,1540.0
2019-10-24,173.56,102.49248654695292,71.06751345304708,1100.0,0.125,1257.0
2019-10-25,129.9,74.85924530238026,55.04075469761975,1725.0,0.0,1388.0
2019-10-26,148.73,73.41214708746658,75.31785291253341,2404.0,0.2083333333333333,1641.0
2019-10-27,198.81,72.96831044268421,125.84168955731579,2379.0,0.875,1620.0
2019-10-28,301.39,84.06338010657623,217.32661989342375,2332.0,0.8333333333333334,1476.0
2019-10-29,287.56,83.2241596769274,204.3358403230726,1519.0,0.6666666666666666,1289.0
2019-10-30,279.32,71.74538880220196,207.57461119779805,3051.0,0.75,1577.0
2019-10-31,314.32,97.1577438739796,217.1622561260204,2.0,0.6666666666666666,1392.0
2019-11-01,388.45,83.04014396997478,305.4098560300252,349.0,0.5416666666666666,1263.0
2019-11-02,320.26,72.40344089217312,247.85655910782685,4.0,0.9583333333333334,939.0
2019-11-03,582.28,58.93905133520376,523.3409486647962,2873.0,0.9583333333333334,1318.0
2019-11-04,272.3,50.66797651177576,221.63202348822426,4985.0,1.0,1712.0
2019-11-05,190.41,59.037675401377825,131.37232459862219,4791.0,0.9583333333333334,1781.0
2019-11-06,101.09,76.90898354042778,24.18101645957222,4235.0,0.2083333333333333,1669.0
2019-11-07,182.47,86.48978097659351,95.98021902340649,154.0,0.1666666666666666,733.0
2019-11-08,154.14,91.98028875299204,62.15971124700795,449.0,0.4166666666666667,959.0
2019-11-09,140.8,73.75426587124663,67.04573412875338,1784.0,1.0,995.0
2019-11-10,192.35,79.15568257239731,113.19431742760268,2347.0,1.0,1266.0
2019-11-11,252.48,88.4195842187856,164.06041578121437,735.0,1.0,1156.0
2019-11-12,384.34,125.022993237653,259.317006762347,610.0,0.9166666666666666,849.0
2019-11-13,383.36,133.44274759858618,249.91725240141383,11.0,0.7083333333333334,703.0
2019-11-14,371.42,112.58701581586111,258.8329841841389,3.0,0.5833333333333334,788.0
2019-11-15,423.52,85.21530125589004,338.30469874410994,102.0,1.0,863.0
2019-11-16,174.03,56.14796011263659,117.88203988736342,77.0,1.0,1309.0
2019-11-17,96.34,52.2809451187771,44.059054881222906,398.0,1.0,1230.0
2019-11-18,108.4,64.73329002848008,43.66670997151992,549.0,0.7916666666666666,1341.0
2019-11-19,126.92,85.91533203542022,41.00466796457978,1422.0,0.75,1364.0
2019-11-20,175.19,111.23792157813949,63.952078421860506,813.0,0.5,1385.0
2019-11-21,217.7,128.78032108049294,88.91967891950705,199.0,0.0416666666666666,1225.0
2019-11-22,201.17,107.48671133285512,93.68328866714486,28.0,0.4583333333333333,1138.0
2019-11-23,130.41,84.01078025792694,46.39921974207306,229.0,0.9583333333333334,796.0
2019-11-24,107.86,80.6209609021497,27.239039097850295,340.0,1.0,816.0
2019-11-25,122.37,94.15081535280866,28.21918464719134,240.0,0.5416666666666666,1033.0
2019-11-26,114.27,93.26785368383783,21.002146316162168,6.0,0.0416666666666666,842.0
2019-11-27,65.7,100.31918447399488,-34.61918447399488,20.0,0.125,914.0
2019-11-28,31.03,58.403398957880164,-27.373398957880163,4.0,0.0416666666666666,684.0
2019-11-29,53.79,115.46688733800119,-61.67688733800119,32.0,0.5416666666666666,885.0
2019-11-30,96.96,87.92386163365443,9.036138366345568,39.0,1.0,1139.0
2019-12-01,123.66,111.6740860544301,11.98591394556989,94.0,0.8333333333333334,1027.0
2019-12-02,141.12,109.06400188837117,32.05599811162884,70.0,0.8333333333333334,1054.0
2019-12-03,140.07,142.2293322866424,-2.1593322866424103,55.0,0.75,708.0
2019-12-04,163.24,175.61733774903257,-12.377337749032563,16.0,0.4166666666666667,695.0
2019-12-05,271.99,206.9033650163681,65.08663498363191,29.0,0.25,757.0
2019-12-06,241.69,170.18957849321092,71.50042150678908,61.0,0.9166666666666666,684.0
2019-12-07,233.79,141.76091154812508,92.02908845187491,67.0,0.7083333333333334,981.0
2019-12-08,239.98,147.74761024842266,92.23238975157733,73.0,0.6666666666666666,1041.0
2019-12-09,200.33,159.9211714382428,40.40882856175722,13.0,1.0,871.0
2019-12-10,236.4,166.57139081360597,69.82860918639403,20.0,0.75,830.0
2019-12-11,299.85,181.11621794625464,118.73378205374539,1.0,0.0,857.0
2019-12-12,284.18,77.27219923284775,206.90780076715225,0.0,0.0,1057.0
2019-12-13,94.62,93.4066904475106,1.213309552489406,0.0,0.0416666666666666,678.0
2019-12-14,78.59,101.84580328419322,-23.25580328419322,0.0,0.375,1190.0
2019-12-15,94.67,109.03573437475458,-14.365734374754581,2.0,1.0,1256.0
